cons,old,new
ARG_A01_02,1,10
ARG_A03,2,10
ARG_B05_06,3,11
ARG_B07_08,4,11
ARG_B09,5,11
ARG_C10T12,6,11
ARG_C13T15,7,11
ARG_C16,8,11
ARG_C17_18,9,11
ARG_C19,10,11
ARG_C20,11,11
ARG_C21,12,11
ARG_C22,13,11
ARG_C23,14,11
ARG_C24,15,11
ARG_C25,16,11
ARG_C26,17,11
ARG_C27,18,11
ARG_C28,19,11
ARG_C29,20,11
ARG_C30,21,11
ARG_C31T33,22,11
ARG_D,23,12
ARG_E,24,12
ARG_F,25,12
ARG_G,26,12
ARG_H49,27,12
ARG_H50,28,12
ARG_H51,29,12
ARG_H52,30,12
ARG_H53,31,12
ARG_I,32,12
ARG_J58T60,33,12
ARG_J61,34,12
ARG_J62_63,35,12
ARG_K,36,12
ARG_L,37,12
ARG_M,38,12
ARG_N,39,12
ARG_O,40,12
ARG_P,41,12
ARG_Q,42,12
ARG_R,43,12
ARG_S,44,12
ARG_T,45,12
AUS_A01_02,46,10
AUS_A03,47,10
AUS_B05_06,48,11
AUS_B07_08,49,11
AUS_B09,50,11
AUS_C10T12,51,11
AUS_C13T15,52,11
AUS_C16,53,11
AUS_C17_18,54,11
AUS_C19,55,11
AUS_C20,56,11
AUS_C21,57,11
AUS_C22,58,11
AUS_C23,59,11
AUS_C24,60,11
AUS_C25,61,11
AUS_C26,62,11
AUS_C27,63,11
AUS_C28,64,11
AUS_C29,65,11
AUS_C30,66,11
AUS_C31T33,67,11
AUS_D,68,12
AUS_E,69,12
AUS_F,70,12
AUS_G,71,12
AUS_H49,72,12
AUS_H50,73,12
AUS_H51,74,12
AUS_H52,75,12
AUS_H53,76,12
AUS_I,77,12
AUS_J58T60,78,12
AUS_J61,79,12
AUS_J62_63,80,12
AUS_K,81,12
AUS_L,82,12
AUS_M,83,12
AUS_N,84,12
AUS_O,85,12
AUS_P,86,12
AUS_Q,87,12
AUS_R,88,12
AUS_S,89,12
AUS_T,90,12
AUT_A01_02,91,10
AUT_A03,92,10
AUT_B05_06,93,11
AUT_B07_08,94,11
AUT_B09,95,11
AUT_C10T12,96,11
AUT_C13T15,97,11
AUT_C16,98,11
AUT_C17_18,99,11
AUT_C19,100,11
AUT_C20,101,11
AUT_C21,102,11
AUT_C22,103,11
AUT_C23,104,11
AUT_C24,105,11
AUT_C25,106,11
AUT_C26,107,11
AUT_C27,108,11
AUT_C28,109,11
AUT_C29,110,11
AUT_C30,111,11
AUT_C31T33,112,11
AUT_D,113,12
AUT_E,114,12
AUT_F,115,12
AUT_G,116,12
AUT_H49,117,12
AUT_H50,118,12
AUT_H51,119,12
AUT_H52,120,12
AUT_H53,121,12
AUT_I,122,12
AUT_J58T60,123,12
AUT_J61,124,12
AUT_J62_63,125,12
AUT_K,126,12
AUT_L,127,12
AUT_M,128,12
AUT_N,129,12
AUT_O,130,12
AUT_P,131,12
AUT_Q,132,12
AUT_R,133,12
AUT_S,134,12
AUT_T,135,12
BEL_A01_02,136,10
BEL_A03,137,10
BEL_B05_06,138,11
BEL_B07_08,139,11
BEL_B09,140,11
BEL_C10T12,141,11
BEL_C13T15,142,11
BEL_C16,143,11
BEL_C17_18,144,11
BEL_C19,145,11
BEL_C20,146,11
BEL_C21,147,11
BEL_C22,148,11
BEL_C23,149,11
BEL_C24,150,11
BEL_C25,151,11
BEL_C26,152,11
BEL_C27,153,11
BEL_C28,154,11
BEL_C29,155,11
BEL_C30,156,11
BEL_C31T33,157,11
BEL_D,158,12
BEL_E,159,12
BEL_F,160,12
BEL_G,161,12
BEL_H49,162,12
BEL_H50,163,12
BEL_H51,164,12
BEL_H52,165,12
BEL_H53,166,12
BEL_I,167,12
BEL_J58T60,168,12
BEL_J61,169,12
BEL_J62_63,170,12
BEL_K,171,12
BEL_L,172,12
BEL_M,173,12
BEL_N,174,12
BEL_O,175,12
BEL_P,176,12
BEL_Q,177,12
BEL_R,178,12
BEL_S,179,12
BEL_T,180,12
BGD_A01_02,181,10
BGD_A03,182,10
BGD_B05_06,183,11
BGD_B07_08,184,11
BGD_B09,185,11
BGD_C10T12,186,11
BGD_C13T15,187,11
BGD_C16,188,11
BGD_C17_18,189,11
BGD_C19,190,11
BGD_C20,191,11
BGD_C21,192,11
BGD_C22,193,11
BGD_C23,194,11
BGD_C24,195,11
BGD_C25,196,11
BGD_C26,197,11
BGD_C27,198,11
BGD_C28,199,11
BGD_C29,200,11
BGD_C30,201,11
BGD_C31T33,202,11
BGD_D,203,12
BGD_E,204,12
BGD_F,205,12
BGD_G,206,12
BGD_H49,207,12
BGD_H50,208,12
BGD_H51,209,12
BGD_H52,210,12
BGD_H53,211,12
BGD_I,212,12
BGD_J58T60,213,12
BGD_J61,214,12
BGD_J62_63,215,12
BGD_K,216,12
BGD_L,217,12
BGD_M,218,12
BGD_N,219,12
BGD_O,220,12
BGD_P,221,12
BGD_Q,222,12
BGD_R,223,12
BGD_S,224,12
BGD_T,225,12
BGR_A01_02,226,10
BGR_A03,227,10
BGR_B05_06,228,11
BGR_B07_08,229,11
BGR_B09,230,11
BGR_C10T12,231,11
BGR_C13T15,232,11
BGR_C16,233,11
BGR_C17_18,234,11
BGR_C19,235,11
BGR_C20,236,11
BGR_C21,237,11
BGR_C22,238,11
BGR_C23,239,11
BGR_C24,240,11
BGR_C25,241,11
BGR_C26,242,11
BGR_C27,243,11
BGR_C28,244,11
BGR_C29,245,11
BGR_C30,246,11
BGR_C31T33,247,11
BGR_D,248,12
BGR_E,249,12
BGR_F,250,12
BGR_G,251,12
BGR_H49,252,12
BGR_H50,253,12
BGR_H51,254,12
BGR_H52,255,12
BGR_H53,256,12
BGR_I,257,12
BGR_J58T60,258,12
BGR_J61,259,12
BGR_J62_63,260,12
BGR_K,261,12
BGR_L,262,12
BGR_M,263,12
BGR_N,264,12
BGR_O,265,12
BGR_P,266,12
BGR_Q,267,12
BGR_R,268,12
BGR_S,269,12
BGR_T,270,12
BLR_A01_02,271,10
BLR_A03,272,10
BLR_B05_06,273,11
BLR_B07_08,274,11
BLR_B09,275,11
BLR_C10T12,276,11
BLR_C13T15,277,11
BLR_C16,278,11
BLR_C17_18,279,11
BLR_C19,280,11
BLR_C20,281,11
BLR_C21,282,11
BLR_C22,283,11
BLR_C23,284,11
BLR_C24,285,11
BLR_C25,286,11
BLR_C26,287,11
BLR_C27,288,11
BLR_C28,289,11
BLR_C29,290,11
BLR_C30,291,11
BLR_C31T33,292,11
BLR_D,293,12
BLR_E,294,12
BLR_F,295,12
BLR_G,296,12
BLR_H49,297,12
BLR_H50,298,12
BLR_H51,299,12
BLR_H52,300,12
BLR_H53,301,12
BLR_I,302,12
BLR_J58T60,303,12
BLR_J61,304,12
BLR_J62_63,305,12
BLR_K,306,12
BLR_L,307,12
BLR_M,308,12
BLR_N,309,12
BLR_O,310,12
BLR_P,311,12
BLR_Q,312,12
BLR_R,313,12
BLR_S,314,12
BLR_T,315,12
BRA_A01_02,316,10
BRA_A03,317,10
BRA_B05_06,318,11
BRA_B07_08,319,11
BRA_B09,320,11
BRA_C10T12,321,11
BRA_C13T15,322,11
BRA_C16,323,11
BRA_C17_18,324,11
BRA_C19,325,11
BRA_C20,326,11
BRA_C21,327,11
BRA_C22,328,11
BRA_C23,329,11
BRA_C24,330,11
BRA_C25,331,11
BRA_C26,332,11
BRA_C27,333,11
BRA_C28,334,11
BRA_C29,335,11
BRA_C30,336,11
BRA_C31T33,337,11
BRA_D,338,12
BRA_E,339,12
BRA_F,340,12
BRA_G,341,12
BRA_H49,342,12
BRA_H50,343,12
BRA_H51,344,12
BRA_H52,345,12
BRA_H53,346,12
BRA_I,347,12
BRA_J58T60,348,12
BRA_J61,349,12
BRA_J62_63,350,12
BRA_K,351,12
BRA_L,352,12
BRA_M,353,12
BRA_N,354,12
BRA_O,355,12
BRA_P,356,12
BRA_Q,357,12
BRA_R,358,12
BRA_S,359,12
BRA_T,360,12
BRN_A01_02,361,10
BRN_A03,362,10
BRN_B05_06,363,11
BRN_B07_08,364,11
BRN_B09,365,11
BRN_C10T12,366,11
BRN_C13T15,367,11
BRN_C16,368,11
BRN_C17_18,369,11
BRN_C19,370,11
BRN_C20,371,11
BRN_C21,372,11
BRN_C22,373,11
BRN_C23,374,11
BRN_C24,375,11
BRN_C25,376,11
BRN_C26,377,11
BRN_C27,378,11
BRN_C28,379,11
BRN_C29,380,11
BRN_C30,381,11
BRN_C31T33,382,11
BRN_D,383,12
BRN_E,384,12
BRN_F,385,12
BRN_G,386,12
BRN_H49,387,12
BRN_H50,388,12
BRN_H51,389,12
BRN_H52,390,12
BRN_H53,391,12
BRN_I,392,12
BRN_J58T60,393,12
BRN_J61,394,12
BRN_J62_63,395,12
BRN_K,396,12
BRN_L,397,12
BRN_M,398,12
BRN_N,399,12
BRN_O,400,12
BRN_P,401,12
BRN_Q,402,12
BRN_R,403,12
BRN_S,404,12
BRN_T,405,12
CAN_A01_02,406,10
CAN_A03,407,10
CAN_B05_06,408,11
CAN_B07_08,409,11
CAN_B09,410,11
CAN_C10T12,411,11
CAN_C13T15,412,11
CAN_C16,413,11
CAN_C17_18,414,11
CAN_C19,415,11
CAN_C20,416,11
CAN_C21,417,11
CAN_C22,418,11
CAN_C23,419,11
CAN_C24,420,11
CAN_C25,421,11
CAN_C26,422,11
CAN_C27,423,11
CAN_C28,424,11
CAN_C29,425,11
CAN_C30,426,11
CAN_C31T33,427,11
CAN_D,428,12
CAN_E,429,12
CAN_F,430,12
CAN_G,431,12
CAN_H49,432,12
CAN_H50,433,12
CAN_H51,434,12
CAN_H52,435,12
CAN_H53,436,12
CAN_I,437,12
CAN_J58T60,438,12
CAN_J61,439,12
CAN_J62_63,440,12
CAN_K,441,12
CAN_L,442,12
CAN_M,443,12
CAN_N,444,12
CAN_O,445,12
CAN_P,446,12
CAN_Q,447,12
CAN_R,448,12
CAN_S,449,12
CAN_T,450,12
CHE_A01_02,451,10
CHE_A03,452,10
CHE_B05_06,453,11
CHE_B07_08,454,11
CHE_B09,455,11
CHE_C10T12,456,11
CHE_C13T15,457,11
CHE_C16,458,11
CHE_C17_18,459,11
CHE_C19,460,11
CHE_C20,461,11
CHE_C21,462,11
CHE_C22,463,11
CHE_C23,464,11
CHE_C24,465,11
CHE_C25,466,11
CHE_C26,467,11
CHE_C27,468,11
CHE_C28,469,11
CHE_C29,470,11
CHE_C30,471,11
CHE_C31T33,472,11
CHE_D,473,12
CHE_E,474,12
CHE_F,475,12
CHE_G,476,12
CHE_H49,477,12
CHE_H50,478,12
CHE_H51,479,12
CHE_H52,480,12
CHE_H53,481,12
CHE_I,482,12
CHE_J58T60,483,12
CHE_J61,484,12
CHE_J62_63,485,12
CHE_K,486,12
CHE_L,487,12
CHE_M,488,12
CHE_N,489,12
CHE_O,490,12
CHE_P,491,12
CHE_Q,492,12
CHE_R,493,12
CHE_S,494,12
CHE_T,495,12
CHL_A01_02,496,10
CHL_A03,497,10
CHL_B05_06,498,11
CHL_B07_08,499,11
CHL_B09,500,11
CHL_C10T12,501,11
CHL_C13T15,502,11
CHL_C16,503,11
CHL_C17_18,504,11
CHL_C19,505,11
CHL_C20,506,11
CHL_C21,507,11
CHL_C22,508,11
CHL_C23,509,11
CHL_C24,510,11
CHL_C25,511,11
CHL_C26,512,11
CHL_C27,513,11
CHL_C28,514,11
CHL_C29,515,11
CHL_C30,516,11
CHL_C31T33,517,11
CHL_D,518,12
CHL_E,519,12
CHL_F,520,12
CHL_G,521,12
CHL_H49,522,12
CHL_H50,523,12
CHL_H51,524,12
CHL_H52,525,12
CHL_H53,526,12
CHL_I,527,12
CHL_J58T60,528,12
CHL_J61,529,12
CHL_J62_63,530,12
CHL_K,531,12
CHL_L,532,12
CHL_M,533,12
CHL_N,534,12
CHL_O,535,12
CHL_P,536,12
CHL_Q,537,12
CHL_R,538,12
CHL_S,539,12
CHL_T,540,12
CHN_A01_02,541,4
CHN_A03,542,4
CHN_B05_06,543,5
CHN_B07_08,544,5
CHN_B09,545,5
CHN_C10T12,546,5
CHN_C13T15,547,5
CHN_C16,548,5
CHN_C17_18,549,5
CHN_C19,550,5
CHN_C20,551,5
CHN_C21,552,5
CHN_C22,553,5
CHN_C23,554,5
CHN_C24,555,5
CHN_C25,556,5
CHN_C26,557,5
CHN_C27,558,5
CHN_C28,559,5
CHN_C29,560,5
CHN_C30,561,5
CHN_C31T33,562,5
CHN_D,563,6
CHN_E,564,6
CHN_F,565,6
CHN_G,566,6
CHN_H49,567,6
CHN_H50,568,6
CHN_H51,569,6
CHN_H52,570,6
CHN_H53,571,6
CHN_I,572,6
CHN_J58T60,573,6
CHN_J61,574,6
CHN_J62_63,575,6
CHN_K,576,6
CHN_L,577,6
CHN_M,578,6
CHN_N,579,6
CHN_O,580,6
CHN_P,581,6
CHN_Q,582,6
CHN_R,583,6
CHN_S,584,6
CHN_T,585,6
CIV_A01_02,586,10
CIV_A03,587,10
CIV_B05_06,588,11
CIV_B07_08,589,11
CIV_B09,590,11
CIV_C10T12,591,11
CIV_C13T15,592,11
CIV_C16,593,11
CIV_C17_18,594,11
CIV_C19,595,11
CIV_C20,596,11
CIV_C21,597,11
CIV_C22,598,11
CIV_C23,599,11
CIV_C24,600,11
CIV_C25,601,11
CIV_C26,602,11
CIV_C27,603,11
CIV_C28,604,11
CIV_C29,605,11
CIV_C30,606,11
CIV_C31T33,607,11
CIV_D,608,12
CIV_E,609,12
CIV_F,610,12
CIV_G,611,12
CIV_H49,612,12
CIV_H50,613,12
CIV_H51,614,12
CIV_H52,615,12
CIV_H53,616,12
CIV_I,617,12
CIV_J58T60,618,12
CIV_J61,619,12
CIV_J62_63,620,12
CIV_K,621,12
CIV_L,622,12
CIV_M,623,12
CIV_N,624,12
CIV_O,625,12
CIV_P,626,12
CIV_Q,627,12
CIV_R,628,12
CIV_S,629,12
CIV_T,630,12
CMR_A01_02,631,10
CMR_A03,632,10
CMR_B05_06,633,11
CMR_B07_08,634,11
CMR_B09,635,11
CMR_C10T12,636,11
CMR_C13T15,637,11
CMR_C16,638,11
CMR_C17_18,639,11
CMR_C19,640,11
CMR_C20,641,11
CMR_C21,642,11
CMR_C22,643,11
CMR_C23,644,11
CMR_C24,645,11
CMR_C25,646,11
CMR_C26,647,11
CMR_C27,648,11
CMR_C28,649,11
CMR_C29,650,11
CMR_C30,651,11
CMR_C31T33,652,11
CMR_D,653,12
CMR_E,654,12
CMR_F,655,12
CMR_G,656,12
CMR_H49,657,12
CMR_H50,658,12
CMR_H51,659,12
CMR_H52,660,12
CMR_H53,661,12
CMR_I,662,12
CMR_J58T60,663,12
CMR_J61,664,12
CMR_J62_63,665,12
CMR_K,666,12
CMR_L,667,12
CMR_M,668,12
CMR_N,669,12
CMR_O,670,12
CMR_P,671,12
CMR_Q,672,12
CMR_R,673,12
CMR_S,674,12
CMR_T,675,12
COL_A01_02,676,10
COL_A03,677,10
COL_B05_06,678,11
COL_B07_08,679,11
COL_B09,680,11
COL_C10T12,681,11
COL_C13T15,682,11
COL_C16,683,11
COL_C17_18,684,11
COL_C19,685,11
COL_C20,686,11
COL_C21,687,11
COL_C22,688,11
COL_C23,689,11
COL_C24,690,11
COL_C25,691,11
COL_C26,692,11
COL_C27,693,11
COL_C28,694,11
COL_C29,695,11
COL_C30,696,11
COL_C31T33,697,11
COL_D,698,12
COL_E,699,12
COL_F,700,12
COL_G,701,12
COL_H49,702,12
COL_H50,703,12
COL_H51,704,12
COL_H52,705,12
COL_H53,706,12
COL_I,707,12
COL_J58T60,708,12
COL_J61,709,12
COL_J62_63,710,12
COL_K,711,12
COL_L,712,12
COL_M,713,12
COL_N,714,12
COL_O,715,12
COL_P,716,12
COL_Q,717,12
COL_R,718,12
COL_S,719,12
COL_T,720,12
CRI_A01_02,721,10
CRI_A03,722,10
CRI_B05_06,723,11
CRI_B07_08,724,11
CRI_B09,725,11
CRI_C10T12,726,11
CRI_C13T15,727,11
CRI_C16,728,11
CRI_C17_18,729,11
CRI_C19,730,11
CRI_C20,731,11
CRI_C21,732,11
CRI_C22,733,11
CRI_C23,734,11
CRI_C24,735,11
CRI_C25,736,11
CRI_C26,737,11
CRI_C27,738,11
CRI_C28,739,11
CRI_C29,740,11
CRI_C30,741,11
CRI_C31T33,742,11
CRI_D,743,12
CRI_E,744,12
CRI_F,745,12
CRI_G,746,12
CRI_H49,747,12
CRI_H50,748,12
CRI_H51,749,12
CRI_H52,750,12
CRI_H53,751,12
CRI_I,752,12
CRI_J58T60,753,12
CRI_J61,754,12
CRI_J62_63,755,12
CRI_K,756,12
CRI_L,757,12
CRI_M,758,12
CRI_N,759,12
CRI_O,760,12
CRI_P,761,12
CRI_Q,762,12
CRI_R,763,12
CRI_S,764,12
CRI_T,765,12
CYP_A01_02,766,10
CYP_A03,767,10
CYP_B05_06,768,11
CYP_B07_08,769,11
CYP_B09,770,11
CYP_C10T12,771,11
CYP_C13T15,772,11
CYP_C16,773,11
CYP_C17_18,774,11
CYP_C19,775,11
CYP_C20,776,11
CYP_C21,777,11
CYP_C22,778,11
CYP_C23,779,11
CYP_C24,780,11
CYP_C25,781,11
CYP_C26,782,11
CYP_C27,783,11
CYP_C28,784,11
CYP_C29,785,11
CYP_C30,786,11
CYP_C31T33,787,11
CYP_D,788,12
CYP_E,789,12
CYP_F,790,12
CYP_G,791,12
CYP_H49,792,12
CYP_H50,793,12
CYP_H51,794,12
CYP_H52,795,12
CYP_H53,796,12
CYP_I,797,12
CYP_J58T60,798,12
CYP_J61,799,12
CYP_J62_63,800,12
CYP_K,801,12
CYP_L,802,12
CYP_M,803,12
CYP_N,804,12
CYP_O,805,12
CYP_P,806,12
CYP_Q,807,12
CYP_R,808,12
CYP_S,809,12
CYP_T,810,12
CZE_A01_02,811,10
CZE_A03,812,10
CZE_B05_06,813,11
CZE_B07_08,814,11
CZE_B09,815,11
CZE_C10T12,816,11
CZE_C13T15,817,11
CZE_C16,818,11
CZE_C17_18,819,11
CZE_C19,820,11
CZE_C20,821,11
CZE_C21,822,11
CZE_C22,823,11
CZE_C23,824,11
CZE_C24,825,11
CZE_C25,826,11
CZE_C26,827,11
CZE_C27,828,11
CZE_C28,829,11
CZE_C29,830,11
CZE_C30,831,11
CZE_C31T33,832,11
CZE_D,833,12
CZE_E,834,12
CZE_F,835,12
CZE_G,836,12
CZE_H49,837,12
CZE_H50,838,12
CZE_H51,839,12
CZE_H52,840,12
CZE_H53,841,12
CZE_I,842,12
CZE_J58T60,843,12
CZE_J61,844,12
CZE_J62_63,845,12
CZE_K,846,12
CZE_L,847,12
CZE_M,848,12
CZE_N,849,12
CZE_O,850,12
CZE_P,851,12
CZE_Q,852,12
CZE_R,853,12
CZE_S,854,12
CZE_T,855,12
DEU_A01_02,856,10
DEU_A03,857,10
DEU_B05_06,858,11
DEU_B07_08,859,11
DEU_B09,860,11
DEU_C10T12,861,11
DEU_C13T15,862,11
DEU_C16,863,11
DEU_C17_18,864,11
DEU_C19,865,11
DEU_C20,866,11
DEU_C21,867,11
DEU_C22,868,11
DEU_C23,869,11
DEU_C24,870,11
DEU_C25,871,11
DEU_C26,872,11
DEU_C27,873,11
DEU_C28,874,11
DEU_C29,875,11
DEU_C30,876,11
DEU_C31T33,877,11
DEU_D,878,12
DEU_E,879,12
DEU_F,880,12
DEU_G,881,12
DEU_H49,882,12
DEU_H50,883,12
DEU_H51,884,12
DEU_H52,885,12
DEU_H53,886,12
DEU_I,887,12
DEU_J58T60,888,12
DEU_J61,889,12
DEU_J62_63,890,12
DEU_K,891,12
DEU_L,892,12
DEU_M,893,12
DEU_N,894,12
DEU_O,895,12
DEU_P,896,12
DEU_Q,897,12
DEU_R,898,12
DEU_S,899,12
DEU_T,900,12
DNK_A01_02,901,10
DNK_A03,902,10
DNK_B05_06,903,11
DNK_B07_08,904,11
DNK_B09,905,11
DNK_C10T12,906,11
DNK_C13T15,907,11
DNK_C16,908,11
DNK_C17_18,909,11
DNK_C19,910,11
DNK_C20,911,11
DNK_C21,912,11
DNK_C22,913,11
DNK_C23,914,11
DNK_C24,915,11
DNK_C25,916,11
DNK_C26,917,11
DNK_C27,918,11
DNK_C28,919,11
DNK_C29,920,11
DNK_C30,921,11
DNK_C31T33,922,11
DNK_D,923,12
DNK_E,924,12
DNK_F,925,12
DNK_G,926,12
DNK_H49,927,12
DNK_H50,928,12
DNK_H51,929,12
DNK_H52,930,12
DNK_H53,931,12
DNK_I,932,12
DNK_J58T60,933,12
DNK_J61,934,12
DNK_J62_63,935,12
DNK_K,936,12
DNK_L,937,12
DNK_M,938,12
DNK_N,939,12
DNK_O,940,12
DNK_P,941,12
DNK_Q,942,12
DNK_R,943,12
DNK_S,944,12
DNK_T,945,12
EGY_A01_02,946,10
EGY_A03,947,10
EGY_B05_06,948,11
EGY_B07_08,949,11
EGY_B09,950,11
EGY_C10T12,951,11
EGY_C13T15,952,11
EGY_C16,953,11
EGY_C17_18,954,11
EGY_C19,955,11
EGY_C20,956,11
EGY_C21,957,11
EGY_C22,958,11
EGY_C23,959,11
EGY_C24,960,11
EGY_C25,961,11
EGY_C26,962,11
EGY_C27,963,11
EGY_C28,964,11
EGY_C29,965,11
EGY_C30,966,11
EGY_C31T33,967,11
EGY_D,968,12
EGY_E,969,12
EGY_F,970,12
EGY_G,971,12
EGY_H49,972,12
EGY_H50,973,12
EGY_H51,974,12
EGY_H52,975,12
EGY_H53,976,12
EGY_I,977,12
EGY_J58T60,978,12
EGY_J61,979,12
EGY_J62_63,980,12
EGY_K,981,12
EGY_L,982,12
EGY_M,983,12
EGY_N,984,12
EGY_O,985,12
EGY_P,986,12
EGY_Q,987,12
EGY_R,988,12
EGY_S,989,12
EGY_T,990,12
ESP_A01_02,991,10
ESP_A03,992,10
ESP_B05_06,993,11
ESP_B07_08,994,11
ESP_B09,995,11
ESP_C10T12,996,11
ESP_C13T15,997,11
ESP_C16,998,11
ESP_C17_18,999,11
ESP_C19,1000,11
ESP_C20,1001,11
ESP_C21,1002,11
ESP_C22,1003,11
ESP_C23,1004,11
ESP_C24,1005,11
ESP_C25,1006,11
ESP_C26,1007,11
ESP_C27,1008,11
ESP_C28,1009,11
ESP_C29,1010,11
ESP_C30,1011,11
ESP_C31T33,1012,11
ESP_D,1013,12
ESP_E,1014,12
ESP_F,1015,12
ESP_G,1016,12
ESP_H49,1017,12
ESP_H50,1018,12
ESP_H51,1019,12
ESP_H52,1020,12
ESP_H53,1021,12
ESP_I,1022,12
ESP_J58T60,1023,12
ESP_J61,1024,12
ESP_J62_63,1025,12
ESP_K,1026,12
ESP_L,1027,12
ESP_M,1028,12
ESP_N,1029,12
ESP_O,1030,12
ESP_P,1031,12
ESP_Q,1032,12
ESP_R,1033,12
ESP_S,1034,12
ESP_T,1035,12
EST_A01_02,1036,10
EST_A03,1037,10
EST_B05_06,1038,11
EST_B07_08,1039,11
EST_B09,1040,11
EST_C10T12,1041,11
EST_C13T15,1042,11
EST_C16,1043,11
EST_C17_18,1044,11
EST_C19,1045,11
EST_C20,1046,11
EST_C21,1047,11
EST_C22,1048,11
EST_C23,1049,11
EST_C24,1050,11
EST_C25,1051,11
EST_C26,1052,11
EST_C27,1053,11
EST_C28,1054,11
EST_C29,1055,11
EST_C30,1056,11
EST_C31T33,1057,11
EST_D,1058,12
EST_E,1059,12
EST_F,1060,12
EST_G,1061,12
EST_H49,1062,12
EST_H50,1063,12
EST_H51,1064,12
EST_H52,1065,12
EST_H53,1066,12
EST_I,1067,12
EST_J58T60,1068,12
EST_J61,1069,12
EST_J62_63,1070,12
EST_K,1071,12
EST_L,1072,12
EST_M,1073,12
EST_N,1074,12
EST_O,1075,12
EST_P,1076,12
EST_Q,1077,12
EST_R,1078,12
EST_S,1079,12
EST_T,1080,12
FIN_A01_02,1081,10
FIN_A03,1082,10
FIN_B05_06,1083,11
FIN_B07_08,1084,11
FIN_B09,1085,11
FIN_C10T12,1086,11
FIN_C13T15,1087,11
FIN_C16,1088,11
FIN_C17_18,1089,11
FIN_C19,1090,11
FIN_C20,1091,11
FIN_C21,1092,11
FIN_C22,1093,11
FIN_C23,1094,11
FIN_C24,1095,11
FIN_C25,1096,11
FIN_C26,1097,11
FIN_C27,1098,11
FIN_C28,1099,11
FIN_C29,1100,11
FIN_C30,1101,11
FIN_C31T33,1102,11
FIN_D,1103,12
FIN_E,1104,12
FIN_F,1105,12
FIN_G,1106,12
FIN_H49,1107,12
FIN_H50,1108,12
FIN_H51,1109,12
FIN_H52,1110,12
FIN_H53,1111,12
FIN_I,1112,12
FIN_J58T60,1113,12
FIN_J61,1114,12
FIN_J62_63,1115,12
FIN_K,1116,12
FIN_L,1117,12
FIN_M,1118,12
FIN_N,1119,12
FIN_O,1120,12
FIN_P,1121,12
FIN_Q,1122,12
FIN_R,1123,12
FIN_S,1124,12
FIN_T,1125,12
FRA_A01_02,1126,10
FRA_A03,1127,10
FRA_B05_06,1128,11
FRA_B07_08,1129,11
FRA_B09,1130,11
FRA_C10T12,1131,11
FRA_C13T15,1132,11
FRA_C16,1133,11
FRA_C17_18,1134,11
FRA_C19,1135,11
FRA_C20,1136,11
FRA_C21,1137,11
FRA_C22,1138,11
FRA_C23,1139,11
FRA_C24,1140,11
FRA_C25,1141,11
FRA_C26,1142,11
FRA_C27,1143,11
FRA_C28,1144,11
FRA_C29,1145,11
FRA_C30,1146,11
FRA_C31T33,1147,11
FRA_D,1148,12
FRA_E,1149,12
FRA_F,1150,12
FRA_G,1151,12
FRA_H49,1152,12
FRA_H50,1153,12
FRA_H51,1154,12
FRA_H52,1155,12
FRA_H53,1156,12
FRA_I,1157,12
FRA_J58T60,1158,12
FRA_J61,1159,12
FRA_J62_63,1160,12
FRA_K,1161,12
FRA_L,1162,12
FRA_M,1163,12
FRA_N,1164,12
FRA_O,1165,12
FRA_P,1166,12
FRA_Q,1167,12
FRA_R,1168,12
FRA_S,1169,12
FRA_T,1170,12
GBR_A01_02,1171,10
GBR_A03,1172,10
GBR_B05_06,1173,11
GBR_B07_08,1174,11
GBR_B09,1175,11
GBR_C10T12,1176,11
GBR_C13T15,1177,11
GBR_C16,1178,11
GBR_C17_18,1179,11
GBR_C19,1180,11
GBR_C20,1181,11
GBR_C21,1182,11
GBR_C22,1183,11
GBR_C23,1184,11
GBR_C24,1185,11
GBR_C25,1186,11
GBR_C26,1187,11
GBR_C27,1188,11
GBR_C28,1189,11
GBR_C29,1190,11
GBR_C30,1191,11
GBR_C31T33,1192,11
GBR_D,1193,12
GBR_E,1194,12
GBR_F,1195,12
GBR_G,1196,12
GBR_H49,1197,12
GBR_H50,1198,12
GBR_H51,1199,12
GBR_H52,1200,12
GBR_H53,1201,12
GBR_I,1202,12
GBR_J58T60,1203,12
GBR_J61,1204,12
GBR_J62_63,1205,12
GBR_K,1206,12
GBR_L,1207,12
GBR_M,1208,12
GBR_N,1209,12
GBR_O,1210,12
GBR_P,1211,12
GBR_Q,1212,12
GBR_R,1213,12
GBR_S,1214,12
GBR_T,1215,12
GRC_A01_02,1216,10
GRC_A03,1217,10
GRC_B05_06,1218,11
GRC_B07_08,1219,11
GRC_B09,1220,11
GRC_C10T12,1221,11
GRC_C13T15,1222,11
GRC_C16,1223,11
GRC_C17_18,1224,11
GRC_C19,1225,11
GRC_C20,1226,11
GRC_C21,1227,11
GRC_C22,1228,11
GRC_C23,1229,11
GRC_C24,1230,11
GRC_C25,1231,11
GRC_C26,1232,11
GRC_C27,1233,11
GRC_C28,1234,11
GRC_C29,1235,11
GRC_C30,1236,11
GRC_C31T33,1237,11
GRC_D,1238,12
GRC_E,1239,12
GRC_F,1240,12
GRC_G,1241,12
GRC_H49,1242,12
GRC_H50,1243,12
GRC_H51,1244,12
GRC_H52,1245,12
GRC_H53,1246,12
GRC_I,1247,12
GRC_J58T60,1248,12
GRC_J61,1249,12
GRC_J62_63,1250,12
GRC_K,1251,12
GRC_L,1252,12
GRC_M,1253,12
GRC_N,1254,12
GRC_O,1255,12
GRC_P,1256,12
GRC_Q,1257,12
GRC_R,1258,12
GRC_S,1259,12
GRC_T,1260,12
HKG_A01_02,1261,10
HKG_A03,1262,10
HKG_B05_06,1263,11
HKG_B07_08,1264,11
HKG_B09,1265,11
HKG_C10T12,1266,11
HKG_C13T15,1267,11
HKG_C16,1268,11
HKG_C17_18,1269,11
HKG_C19,1270,11
HKG_C20,1271,11
HKG_C21,1272,11
HKG_C22,1273,11
HKG_C23,1274,11
HKG_C24,1275,11
HKG_C25,1276,11
HKG_C26,1277,11
HKG_C27,1278,11
HKG_C28,1279,11
HKG_C29,1280,11
HKG_C30,1281,11
HKG_C31T33,1282,11
HKG_D,1283,12
HKG_E,1284,12
HKG_F,1285,12
HKG_G,1286,12
HKG_H49,1287,12
HKG_H50,1288,12
HKG_H51,1289,12
HKG_H52,1290,12
HKG_H53,1291,12
HKG_I,1292,12
HKG_J58T60,1293,12
HKG_J61,1294,12
HKG_J62_63,1295,12
HKG_K,1296,12
HKG_L,1297,12
HKG_M,1298,12
HKG_N,1299,12
HKG_O,1300,12
HKG_P,1301,12
HKG_Q,1302,12
HKG_R,1303,12
HKG_S,1304,12
HKG_T,1305,12
HRV_A01_02,1306,10
HRV_A03,1307,10
HRV_B05_06,1308,11
HRV_B07_08,1309,11
HRV_B09,1310,11
HRV_C10T12,1311,11
HRV_C13T15,1312,11
HRV_C16,1313,11
HRV_C17_18,1314,11
HRV_C19,1315,11
HRV_C20,1316,11
HRV_C21,1317,11
HRV_C22,1318,11
HRV_C23,1319,11
HRV_C24,1320,11
HRV_C25,1321,11
HRV_C26,1322,11
HRV_C27,1323,11
HRV_C28,1324,11
HRV_C29,1325,11
HRV_C30,1326,11
HRV_C31T33,1327,11
HRV_D,1328,12
HRV_E,1329,12
HRV_F,1330,12
HRV_G,1331,12
HRV_H49,1332,12
HRV_H50,1333,12
HRV_H51,1334,12
HRV_H52,1335,12
HRV_H53,1336,12
HRV_I,1337,12
HRV_J58T60,1338,12
HRV_J61,1339,12
HRV_J62_63,1340,12
HRV_K,1341,12
HRV_L,1342,12
HRV_M,1343,12
HRV_N,1344,12
HRV_O,1345,12
HRV_P,1346,12
HRV_Q,1347,12
HRV_R,1348,12
HRV_S,1349,12
HRV_T,1350,12
HUN_A01_02,1351,10
HUN_A03,1352,10
HUN_B05_06,1353,11
HUN_B07_08,1354,11
HUN_B09,1355,11
HUN_C10T12,1356,11
HUN_C13T15,1357,11
HUN_C16,1358,11
HUN_C17_18,1359,11
HUN_C19,1360,11
HUN_C20,1361,11
HUN_C21,1362,11
HUN_C22,1363,11
HUN_C23,1364,11
HUN_C24,1365,11
HUN_C25,1366,11
HUN_C26,1367,11
HUN_C27,1368,11
HUN_C28,1369,11
HUN_C29,1370,11
HUN_C30,1371,11
HUN_C31T33,1372,11
HUN_D,1373,12
HUN_E,1374,12
HUN_F,1375,12
HUN_G,1376,12
HUN_H49,1377,12
HUN_H50,1378,12
HUN_H51,1379,12
HUN_H52,1380,12
HUN_H53,1381,12
HUN_I,1382,12
HUN_J58T60,1383,12
HUN_J61,1384,12
HUN_J62_63,1385,12
HUN_K,1386,12
HUN_L,1387,12
HUN_M,1388,12
HUN_N,1389,12
HUN_O,1390,12
HUN_P,1391,12
HUN_Q,1392,12
HUN_R,1393,12
HUN_S,1394,12
HUN_T,1395,12
IDN_A01_02,1396,10
IDN_A03,1397,10
IDN_B05_06,1398,11
IDN_B07_08,1399,11
IDN_B09,1400,11
IDN_C10T12,1401,11
IDN_C13T15,1402,11
IDN_C16,1403,11
IDN_C17_18,1404,11
IDN_C19,1405,11
IDN_C20,1406,11
IDN_C21,1407,11
IDN_C22,1408,11
IDN_C23,1409,11
IDN_C24,1410,11
IDN_C25,1411,11
IDN_C26,1412,11
IDN_C27,1413,11
IDN_C28,1414,11
IDN_C29,1415,11
IDN_C30,1416,11
IDN_C31T33,1417,11
IDN_D,1418,12
IDN_E,1419,12
IDN_F,1420,12
IDN_G,1421,12
IDN_H49,1422,12
IDN_H50,1423,12
IDN_H51,1424,12
IDN_H52,1425,12
IDN_H53,1426,12
IDN_I,1427,12
IDN_J58T60,1428,12
IDN_J61,1429,12
IDN_J62_63,1430,12
IDN_K,1431,12
IDN_L,1432,12
IDN_M,1433,12
IDN_N,1434,12
IDN_O,1435,12
IDN_P,1436,12
IDN_Q,1437,12
IDN_R,1438,12
IDN_S,1439,12
IDN_T,1440,12
IND_A01_02,1441,10
IND_A03,1442,10
IND_B05_06,1443,11
IND_B07_08,1444,11
IND_B09,1445,11
IND_C10T12,1446,11
IND_C13T15,1447,11
IND_C16,1448,11
IND_C17_18,1449,11
IND_C19,1450,11
IND_C20,1451,11
IND_C21,1452,11
IND_C22,1453,11
IND_C23,1454,11
IND_C24,1455,11
IND_C25,1456,11
IND_C26,1457,11
IND_C27,1458,11
IND_C28,1459,11
IND_C29,1460,11
IND_C30,1461,11
IND_C31T33,1462,11
IND_D,1463,12
IND_E,1464,12
IND_F,1465,12
IND_G,1466,12
IND_H49,1467,12
IND_H50,1468,12
IND_H51,1469,12
IND_H52,1470,12
IND_H53,1471,12
IND_I,1472,12
IND_J58T60,1473,12
IND_J61,1474,12
IND_J62_63,1475,12
IND_K,1476,12
IND_L,1477,12
IND_M,1478,12
IND_N,1479,12
IND_O,1480,12
IND_P,1481,12
IND_Q,1482,12
IND_R,1483,12
IND_S,1484,12
IND_T,1485,12
IRL_A01_02,1486,10
IRL_A03,1487,10
IRL_B05_06,1488,11
IRL_B07_08,1489,11
IRL_B09,1490,11
IRL_C10T12,1491,11
IRL_C13T15,1492,11
IRL_C16,1493,11
IRL_C17_18,1494,11
IRL_C19,1495,11
IRL_C20,1496,11
IRL_C21,1497,11
IRL_C22,1498,11
IRL_C23,1499,11
IRL_C24,1500,11
IRL_C25,1501,11
IRL_C26,1502,11
IRL_C27,1503,11
IRL_C28,1504,11
IRL_C29,1505,11
IRL_C30,1506,11
IRL_C31T33,1507,11
IRL_D,1508,12
IRL_E,1509,12
IRL_F,1510,12
IRL_G,1511,12
IRL_H49,1512,12
IRL_H50,1513,12
IRL_H51,1514,12
IRL_H52,1515,12
IRL_H53,1516,12
IRL_I,1517,12
IRL_J58T60,1518,12
IRL_J61,1519,12
IRL_J62_63,1520,12
IRL_K,1521,12
IRL_L,1522,12
IRL_M,1523,12
IRL_N,1524,12
IRL_O,1525,12
IRL_P,1526,12
IRL_Q,1527,12
IRL_R,1528,12
IRL_S,1529,12
IRL_T,1530,12
ISL_A01_02,1531,10
ISL_A03,1532,10
ISL_B05_06,1533,11
ISL_B07_08,1534,11
ISL_B09,1535,11
ISL_C10T12,1536,11
ISL_C13T15,1537,11
ISL_C16,1538,11
ISL_C17_18,1539,11
ISL_C19,1540,11
ISL_C20,1541,11
ISL_C21,1542,11
ISL_C22,1543,11
ISL_C23,1544,11
ISL_C24,1545,11
ISL_C25,1546,11
ISL_C26,1547,11
ISL_C27,1548,11
ISL_C28,1549,11
ISL_C29,1550,11
ISL_C30,1551,11
ISL_C31T33,1552,11
ISL_D,1553,12
ISL_E,1554,12
ISL_F,1555,12
ISL_G,1556,12
ISL_H49,1557,12
ISL_H50,1558,12
ISL_H51,1559,12
ISL_H52,1560,12
ISL_H53,1561,12
ISL_I,1562,12
ISL_J58T60,1563,12
ISL_J61,1564,12
ISL_J62_63,1565,12
ISL_K,1566,12
ISL_L,1567,12
ISL_M,1568,12
ISL_N,1569,12
ISL_O,1570,12
ISL_P,1571,12
ISL_Q,1572,12
ISL_R,1573,12
ISL_S,1574,12
ISL_T,1575,12
ISR_A01_02,1576,10
ISR_A03,1577,10
ISR_B05_06,1578,11
ISR_B07_08,1579,11
ISR_B09,1580,11
ISR_C10T12,1581,11
ISR_C13T15,1582,11
ISR_C16,1583,11
ISR_C17_18,1584,11
ISR_C19,1585,11
ISR_C20,1586,11
ISR_C21,1587,11
ISR_C22,1588,11
ISR_C23,1589,11
ISR_C24,1590,11
ISR_C25,1591,11
ISR_C26,1592,11
ISR_C27,1593,11
ISR_C28,1594,11
ISR_C29,1595,11
ISR_C30,1596,11
ISR_C31T33,1597,11
ISR_D,1598,12
ISR_E,1599,12
ISR_F,1600,12
ISR_G,1601,12
ISR_H49,1602,12
ISR_H50,1603,12
ISR_H51,1604,12
ISR_H52,1605,12
ISR_H53,1606,12
ISR_I,1607,12
ISR_J58T60,1608,12
ISR_J61,1609,12
ISR_J62_63,1610,12
ISR_K,1611,12
ISR_L,1612,12
ISR_M,1613,12
ISR_N,1614,12
ISR_O,1615,12
ISR_P,1616,12
ISR_Q,1617,12
ISR_R,1618,12
ISR_S,1619,12
ISR_T,1620,12
ITA_A01_02,1621,10
ITA_A03,1622,10
ITA_B05_06,1623,11
ITA_B07_08,1624,11
ITA_B09,1625,11
ITA_C10T12,1626,11
ITA_C13T15,1627,11
ITA_C16,1628,11
ITA_C17_18,1629,11
ITA_C19,1630,11
ITA_C20,1631,11
ITA_C21,1632,11
ITA_C22,1633,11
ITA_C23,1634,11
ITA_C24,1635,11
ITA_C25,1636,11
ITA_C26,1637,11
ITA_C27,1638,11
ITA_C28,1639,11
ITA_C29,1640,11
ITA_C30,1641,11
ITA_C31T33,1642,11
ITA_D,1643,12
ITA_E,1644,12
ITA_F,1645,12
ITA_G,1646,12
ITA_H49,1647,12
ITA_H50,1648,12
ITA_H51,1649,12
ITA_H52,1650,12
ITA_H53,1651,12
ITA_I,1652,12
ITA_J58T60,1653,12
ITA_J61,1654,12
ITA_J62_63,1655,12
ITA_K,1656,12
ITA_L,1657,12
ITA_M,1658,12
ITA_N,1659,12
ITA_O,1660,12
ITA_P,1661,12
ITA_Q,1662,12
ITA_R,1663,12
ITA_S,1664,12
ITA_T,1665,12
JOR_A01_02,1666,10
JOR_A03,1667,10
JOR_B05_06,1668,11
JOR_B07_08,1669,11
JOR_B09,1670,11
JOR_C10T12,1671,11
JOR_C13T15,1672,11
JOR_C16,1673,11
JOR_C17_18,1674,11
JOR_C19,1675,11
JOR_C20,1676,11
JOR_C21,1677,11
JOR_C22,1678,11
JOR_C23,1679,11
JOR_C24,1680,11
JOR_C25,1681,11
JOR_C26,1682,11
JOR_C27,1683,11
JOR_C28,1684,11
JOR_C29,1685,11
JOR_C30,1686,11
JOR_C31T33,1687,11
JOR_D,1688,12
JOR_E,1689,12
JOR_F,1690,12
JOR_G,1691,12
JOR_H49,1692,12
JOR_H50,1693,12
JOR_H51,1694,12
JOR_H52,1695,12
JOR_H53,1696,12
JOR_I,1697,12
JOR_J58T60,1698,12
JOR_J61,1699,12
JOR_J62_63,1700,12
JOR_K,1701,12
JOR_L,1702,12
JOR_M,1703,12
JOR_N,1704,12
JOR_O,1705,12
JOR_P,1706,12
JOR_Q,1707,12
JOR_R,1708,12
JOR_S,1709,12
JOR_T,1710,12
JPN_A01_02,1711,10
JPN_A03,1712,10
JPN_B05_06,1713,11
JPN_B07_08,1714,11
JPN_B09,1715,11
JPN_C10T12,1716,11
JPN_C13T15,1717,11
JPN_C16,1718,11
JPN_C17_18,1719,11
JPN_C19,1720,11
JPN_C20,1721,11
JPN_C21,1722,11
JPN_C22,1723,11
JPN_C23,1724,11
JPN_C24,1725,11
JPN_C25,1726,11
JPN_C26,1727,11
JPN_C27,1728,11
JPN_C28,1729,11
JPN_C29,1730,11
JPN_C30,1731,11
JPN_C31T33,1732,11
JPN_D,1733,12
JPN_E,1734,12
JPN_F,1735,12
JPN_G,1736,12
JPN_H49,1737,12
JPN_H50,1738,12
JPN_H51,1739,12
JPN_H52,1740,12
JPN_H53,1741,12
JPN_I,1742,12
JPN_J58T60,1743,12
JPN_J61,1744,12
JPN_J62_63,1745,12
JPN_K,1746,12
JPN_L,1747,12
JPN_M,1748,12
JPN_N,1749,12
JPN_O,1750,12
JPN_P,1751,12
JPN_Q,1752,12
JPN_R,1753,12
JPN_S,1754,12
JPN_T,1755,12
KAZ_A01_02,1756,10
KAZ_A03,1757,10
KAZ_B05_06,1758,11
KAZ_B07_08,1759,11
KAZ_B09,1760,11
KAZ_C10T12,1761,11
KAZ_C13T15,1762,11
KAZ_C16,1763,11
KAZ_C17_18,1764,11
KAZ_C19,1765,11
KAZ_C20,1766,11
KAZ_C21,1767,11
KAZ_C22,1768,11
KAZ_C23,1769,11
KAZ_C24,1770,11
KAZ_C25,1771,11
KAZ_C26,1772,11
KAZ_C27,1773,11
KAZ_C28,1774,11
KAZ_C29,1775,11
KAZ_C30,1776,11
KAZ_C31T33,1777,11
KAZ_D,1778,12
KAZ_E,1779,12
KAZ_F,1780,12
KAZ_G,1781,12
KAZ_H49,1782,12
KAZ_H50,1783,12
KAZ_H51,1784,12
KAZ_H52,1785,12
KAZ_H53,1786,12
KAZ_I,1787,12
KAZ_J58T60,1788,12
KAZ_J61,1789,12
KAZ_J62_63,1790,12
KAZ_K,1791,12
KAZ_L,1792,12
KAZ_M,1793,12
KAZ_N,1794,12
KAZ_O,1795,12
KAZ_P,1796,12
KAZ_Q,1797,12
KAZ_R,1798,12
KAZ_S,1799,12
KAZ_T,1800,12
KHM_A01_02,1801,10
KHM_A03,1802,10
KHM_B05_06,1803,11
KHM_B07_08,1804,11
KHM_B09,1805,11
KHM_C10T12,1806,11
KHM_C13T15,1807,11
KHM_C16,1808,11
KHM_C17_18,1809,11
KHM_C19,1810,11
KHM_C20,1811,11
KHM_C21,1812,11
KHM_C22,1813,11
KHM_C23,1814,11
KHM_C24,1815,11
KHM_C25,1816,11
KHM_C26,1817,11
KHM_C27,1818,11
KHM_C28,1819,11
KHM_C29,1820,11
KHM_C30,1821,11
KHM_C31T33,1822,11
KHM_D,1823,12
KHM_E,1824,12
KHM_F,1825,12
KHM_G,1826,12
KHM_H49,1827,12
KHM_H50,1828,12
KHM_H51,1829,12
KHM_H52,1830,12
KHM_H53,1831,12
KHM_I,1832,12
KHM_J58T60,1833,12
KHM_J61,1834,12
KHM_J62_63,1835,12
KHM_K,1836,12
KHM_L,1837,12
KHM_M,1838,12
KHM_N,1839,12
KHM_O,1840,12
KHM_P,1841,12
KHM_Q,1842,12
KHM_R,1843,12
KHM_S,1844,12
KHM_T,1845,12
KOR_A01_02,1846,1
KOR_A03,1847,1
KOR_B05_06,1848,2
KOR_B07_08,1849,2
KOR_B09,1850,2
KOR_C10T12,1851,2
KOR_C13T15,1852,2
KOR_C16,1853,2
KOR_C17_18,1854,2
KOR_C19,1855,2
KOR_C20,1856,2
KOR_C21,1857,2
KOR_C22,1858,2
KOR_C23,1859,2
KOR_C24,1860,2
KOR_C25,1861,2
KOR_C26,1862,2
KOR_C27,1863,2
KOR_C28,1864,2
KOR_C29,1865,2
KOR_C30,1866,2
KOR_C31T33,1867,2
KOR_D,1868,3
KOR_E,1869,3
KOR_F,1870,3
KOR_G,1871,3
KOR_H49,1872,3
KOR_H50,1873,3
KOR_H51,1874,3
KOR_H52,1875,3
KOR_H53,1876,3
KOR_I,1877,3
KOR_J58T60,1878,3
KOR_J61,1879,3
KOR_J62_63,1880,3
KOR_K,1881,3
KOR_L,1882,3
KOR_M,1883,3
KOR_N,1884,3
KOR_O,1885,3
KOR_P,1886,3
KOR_Q,1887,3
KOR_R,1888,3
KOR_S,1889,3
KOR_T,1890,3
LAO_A01_02,1891,10
LAO_A03,1892,10
LAO_B05_06,1893,11
LAO_B07_08,1894,11
LAO_B09,1895,11
LAO_C10T12,1896,11
LAO_C13T15,1897,11
LAO_C16,1898,11
LAO_C17_18,1899,11
LAO_C19,1900,11
LAO_C20,1901,11
LAO_C21,1902,11
LAO_C22,1903,11
LAO_C23,1904,11
LAO_C24,1905,11
LAO_C25,1906,11
LAO_C26,1907,11
LAO_C27,1908,11
LAO_C28,1909,11
LAO_C29,1910,11
LAO_C30,1911,11
LAO_C31T33,1912,11
LAO_D,1913,12
LAO_E,1914,12
LAO_F,1915,12
LAO_G,1916,12
LAO_H49,1917,12
LAO_H50,1918,12
LAO_H51,1919,12
LAO_H52,1920,12
LAO_H53,1921,12
LAO_I,1922,12
LAO_J58T60,1923,12
LAO_J61,1924,12
LAO_J62_63,1925,12
LAO_K,1926,12
LAO_L,1927,12
LAO_M,1928,12
LAO_N,1929,12
LAO_O,1930,12
LAO_P,1931,12
LAO_Q,1932,12
LAO_R,1933,12
LAO_S,1934,12
LAO_T,1935,12
LTU_A01_02,1936,10
LTU_A03,1937,10
LTU_B05_06,1938,11
LTU_B07_08,1939,11
LTU_B09,1940,11
LTU_C10T12,1941,11
LTU_C13T15,1942,11
LTU_C16,1943,11
LTU_C17_18,1944,11
LTU_C19,1945,11
LTU_C20,1946,11
LTU_C21,1947,11
LTU_C22,1948,11
LTU_C23,1949,11
LTU_C24,1950,11
LTU_C25,1951,11
LTU_C26,1952,11
LTU_C27,1953,11
LTU_C28,1954,11
LTU_C29,1955,11
LTU_C30,1956,11
LTU_C31T33,1957,11
LTU_D,1958,12
LTU_E,1959,12
LTU_F,1960,12
LTU_G,1961,12
LTU_H49,1962,12
LTU_H50,1963,12
LTU_H51,1964,12
LTU_H52,1965,12
LTU_H53,1966,12
LTU_I,1967,12
LTU_J58T60,1968,12
LTU_J61,1969,12
LTU_J62_63,1970,12
LTU_K,1971,12
LTU_L,1972,12
LTU_M,1973,12
LTU_N,1974,12
LTU_O,1975,12
LTU_P,1976,12
LTU_Q,1977,12
LTU_R,1978,12
LTU_S,1979,12
LTU_T,1980,12
LUX_A01_02,1981,10
LUX_A03,1982,10
LUX_B05_06,1983,11
LUX_B07_08,1984,11
LUX_B09,1985,11
LUX_C10T12,1986,11
LUX_C13T15,1987,11
LUX_C16,1988,11
LUX_C17_18,1989,11
LUX_C19,1990,11
LUX_C20,1991,11
LUX_C21,1992,11
LUX_C22,1993,11
LUX_C23,1994,11
LUX_C24,1995,11
LUX_C25,1996,11
LUX_C26,1997,11
LUX_C27,1998,11
LUX_C28,1999,11
LUX_C29,2000,11
LUX_C30,2001,11
LUX_C31T33,2002,11
LUX_D,2003,12
LUX_E,2004,12
LUX_F,2005,12
LUX_G,2006,12
LUX_H49,2007,12
LUX_H50,2008,12
LUX_H51,2009,12
LUX_H52,2010,12
LUX_H53,2011,12
LUX_I,2012,12
LUX_J58T60,2013,12
LUX_J61,2014,12
LUX_J62_63,2015,12
LUX_K,2016,12
LUX_L,2017,12
LUX_M,2018,12
LUX_N,2019,12
LUX_O,2020,12
LUX_P,2021,12
LUX_Q,2022,12
LUX_R,2023,12
LUX_S,2024,12
LUX_T,2025,12
LVA_A01_02,2026,10
LVA_A03,2027,10
LVA_B05_06,2028,11
LVA_B07_08,2029,11
LVA_B09,2030,11
LVA_C10T12,2031,11
LVA_C13T15,2032,11
LVA_C16,2033,11
LVA_C17_18,2034,11
LVA_C19,2035,11
LVA_C20,2036,11
LVA_C21,2037,11
LVA_C22,2038,11
LVA_C23,2039,11
LVA_C24,2040,11
LVA_C25,2041,11
LVA_C26,2042,11
LVA_C27,2043,11
LVA_C28,2044,11
LVA_C29,2045,11
LVA_C30,2046,11
LVA_C31T33,2047,11
LVA_D,2048,12
LVA_E,2049,12
LVA_F,2050,12
LVA_G,2051,12
LVA_H49,2052,12
LVA_H50,2053,12
LVA_H51,2054,12
LVA_H52,2055,12
LVA_H53,2056,12
LVA_I,2057,12
LVA_J58T60,2058,12
LVA_J61,2059,12
LVA_J62_63,2060,12
LVA_K,2061,12
LVA_L,2062,12
LVA_M,2063,12
LVA_N,2064,12
LVA_O,2065,12
LVA_P,2066,12
LVA_Q,2067,12
LVA_R,2068,12
LVA_S,2069,12
LVA_T,2070,12
MAR_A01_02,2071,10
MAR_A03,2072,10
MAR_B05_06,2073,11
MAR_B07_08,2074,11
MAR_B09,2075,11
MAR_C10T12,2076,11
MAR_C13T15,2077,11
MAR_C16,2078,11
MAR_C17_18,2079,11
MAR_C19,2080,11
MAR_C20,2081,11
MAR_C21,2082,11
MAR_C22,2083,11
MAR_C23,2084,11
MAR_C24,2085,11
MAR_C25,2086,11
MAR_C26,2087,11
MAR_C27,2088,11
MAR_C28,2089,11
MAR_C29,2090,11
MAR_C30,2091,11
MAR_C31T33,2092,11
MAR_D,2093,12
MAR_E,2094,12
MAR_F,2095,12
MAR_G,2096,12
MAR_H49,2097,12
MAR_H50,2098,12
MAR_H51,2099,12
MAR_H52,2100,12
MAR_H53,2101,12
MAR_I,2102,12
MAR_J58T60,2103,12
MAR_J61,2104,12
MAR_J62_63,2105,12
MAR_K,2106,12
MAR_L,2107,12
MAR_M,2108,12
MAR_N,2109,12
MAR_O,2110,12
MAR_P,2111,12
MAR_Q,2112,12
MAR_R,2113,12
MAR_S,2114,12
MAR_T,2115,12
MEX_A01_02,2116,10
MEX_A03,2117,10
MEX_B05_06,2118,11
MEX_B07_08,2119,11
MEX_B09,2120,11
MEX_C10T12,2121,11
MEX_C13T15,2122,11
MEX_C16,2123,11
MEX_C17_18,2124,11
MEX_C19,2125,11
MEX_C20,2126,11
MEX_C21,2127,11
MEX_C22,2128,11
MEX_C23,2129,11
MEX_C24,2130,11
MEX_C25,2131,11
MEX_C26,2132,11
MEX_C27,2133,11
MEX_C28,2134,11
MEX_C29,2135,11
MEX_C30,2136,11
MEX_C31T33,2137,11
MEX_D,2138,12
MEX_E,2139,12
MEX_F,2140,12
MEX_G,2141,12
MEX_H49,2142,12
MEX_H50,2143,12
MEX_H51,2144,12
MEX_H52,2145,12
MEX_H53,2146,12
MEX_I,2147,12
MEX_J58T60,2148,12
MEX_J61,2149,12
MEX_J62_63,2150,12
MEX_K,2151,12
MEX_L,2152,12
MEX_M,2153,12
MEX_N,2154,12
MEX_O,2155,12
MEX_P,2156,12
MEX_Q,2157,12
MEX_R,2158,12
MEX_S,2159,12
MEX_T,2160,12
MLT_A01_02,2161,10
MLT_A03,2162,10
MLT_B05_06,2163,11
MLT_B07_08,2164,11
MLT_B09,2165,11
MLT_C10T12,2166,11
MLT_C13T15,2167,11
MLT_C16,2168,11
MLT_C17_18,2169,11
MLT_C19,2170,11
MLT_C20,2171,11
MLT_C21,2172,11
MLT_C22,2173,11
MLT_C23,2174,11
MLT_C24,2175,11
MLT_C25,2176,11
MLT_C26,2177,11
MLT_C27,2178,11
MLT_C28,2179,11
MLT_C29,2180,11
MLT_C30,2181,11
MLT_C31T33,2182,11
MLT_D,2183,12
MLT_E,2184,12
MLT_F,2185,12
MLT_G,2186,12
MLT_H49,2187,12
MLT_H50,2188,12
MLT_H51,2189,12
MLT_H52,2190,12
MLT_H53,2191,12
MLT_I,2192,12
MLT_J58T60,2193,12
MLT_J61,2194,12
MLT_J62_63,2195,12
MLT_K,2196,12
MLT_L,2197,12
MLT_M,2198,12
MLT_N,2199,12
MLT_O,2200,12
MLT_P,2201,12
MLT_Q,2202,12
MLT_R,2203,12
MLT_S,2204,12
MLT_T,2205,12
MMR_A01_02,2206,10
MMR_A03,2207,10
MMR_B05_06,2208,11
MMR_B07_08,2209,11
MMR_B09,2210,11
MMR_C10T12,2211,11
MMR_C13T15,2212,11
MMR_C16,2213,11
MMR_C17_18,2214,11
MMR_C19,2215,11
MMR_C20,2216,11
MMR_C21,2217,11
MMR_C22,2218,11
MMR_C23,2219,11
MMR_C24,2220,11
MMR_C25,2221,11
MMR_C26,2222,11
MMR_C27,2223,11
MMR_C28,2224,11
MMR_C29,2225,11
MMR_C30,2226,11
MMR_C31T33,2227,11
MMR_D,2228,12
MMR_E,2229,12
MMR_F,2230,12
MMR_G,2231,12
MMR_H49,2232,12
MMR_H50,2233,12
MMR_H51,2234,12
MMR_H52,2235,12
MMR_H53,2236,12
MMR_I,2237,12
MMR_J58T60,2238,12
MMR_J61,2239,12
MMR_J62_63,2240,12
MMR_K,2241,12
MMR_L,2242,12
MMR_M,2243,12
MMR_N,2244,12
MMR_O,2245,12
MMR_P,2246,12
MMR_Q,2247,12
MMR_R,2248,12
MMR_S,2249,12
MMR_T,2250,12
MYS_A01_02,2251,10
MYS_A03,2252,10
MYS_B05_06,2253,11
MYS_B07_08,2254,11
MYS_B09,2255,11
MYS_C10T12,2256,11
MYS_C13T15,2257,11
MYS_C16,2258,11
MYS_C17_18,2259,11
MYS_C19,2260,11
MYS_C20,2261,11
MYS_C21,2262,11
MYS_C22,2263,11
MYS_C23,2264,11
MYS_C24,2265,11
MYS_C25,2266,11
MYS_C26,2267,11
MYS_C27,2268,11
MYS_C28,2269,11
MYS_C29,2270,11
MYS_C30,2271,11
MYS_C31T33,2272,11
MYS_D,2273,12
MYS_E,2274,12
MYS_F,2275,12
MYS_G,2276,12
MYS_H49,2277,12
MYS_H50,2278,12
MYS_H51,2279,12
MYS_H52,2280,12
MYS_H53,2281,12
MYS_I,2282,12
MYS_J58T60,2283,12
MYS_J61,2284,12
MYS_J62_63,2285,12
MYS_K,2286,12
MYS_L,2287,12
MYS_M,2288,12
MYS_N,2289,12
MYS_O,2290,12
MYS_P,2291,12
MYS_Q,2292,12
MYS_R,2293,12
MYS_S,2294,12
MYS_T,2295,12
NGA_A01_02,2296,10
NGA_A03,2297,10
NGA_B05_06,2298,11
NGA_B07_08,2299,11
NGA_B09,2300,11
NGA_C10T12,2301,11
NGA_C13T15,2302,11
NGA_C16,2303,11
NGA_C17_18,2304,11
NGA_C19,2305,11
NGA_C20,2306,11
NGA_C21,2307,11
NGA_C22,2308,11
NGA_C23,2309,11
NGA_C24,2310,11
NGA_C25,2311,11
NGA_C26,2312,11
NGA_C27,2313,11
NGA_C28,2314,11
NGA_C29,2315,11
NGA_C30,2316,11
NGA_C31T33,2317,11
NGA_D,2318,12
NGA_E,2319,12
NGA_F,2320,12
NGA_G,2321,12
NGA_H49,2322,12
NGA_H50,2323,12
NGA_H51,2324,12
NGA_H52,2325,12
NGA_H53,2326,12
NGA_I,2327,12
NGA_J58T60,2328,12
NGA_J61,2329,12
NGA_J62_63,2330,12
NGA_K,2331,12
NGA_L,2332,12
NGA_M,2333,12
NGA_N,2334,12
NGA_O,2335,12
NGA_P,2336,12
NGA_Q,2337,12
NGA_R,2338,12
NGA_S,2339,12
NGA_T,2340,12
NLD_A01_02,2341,10
NLD_A03,2342,10
NLD_B05_06,2343,11
NLD_B07_08,2344,11
NLD_B09,2345,11
NLD_C10T12,2346,11
NLD_C13T15,2347,11
NLD_C16,2348,11
NLD_C17_18,2349,11
NLD_C19,2350,11
NLD_C20,2351,11
NLD_C21,2352,11
NLD_C22,2353,11
NLD_C23,2354,11
NLD_C24,2355,11
NLD_C25,2356,11
NLD_C26,2357,11
NLD_C27,2358,11
NLD_C28,2359,11
NLD_C29,2360,11
NLD_C30,2361,11
NLD_C31T33,2362,11
NLD_D,2363,12
NLD_E,2364,12
NLD_F,2365,12
NLD_G,2366,12
NLD_H49,2367,12
NLD_H50,2368,12
NLD_H51,2369,12
NLD_H52,2370,12
NLD_H53,2371,12
NLD_I,2372,12
NLD_J58T60,2373,12
NLD_J61,2374,12
NLD_J62_63,2375,12
NLD_K,2376,12
NLD_L,2377,12
NLD_M,2378,12
NLD_N,2379,12
NLD_O,2380,12
NLD_P,2381,12
NLD_Q,2382,12
NLD_R,2383,12
NLD_S,2384,12
NLD_T,2385,12
NOR_A01_02,2386,10
NOR_A03,2387,10
NOR_B05_06,2388,11
NOR_B07_08,2389,11
NOR_B09,2390,11
NOR_C10T12,2391,11
NOR_C13T15,2392,11
NOR_C16,2393,11
NOR_C17_18,2394,11
NOR_C19,2395,11
NOR_C20,2396,11
NOR_C21,2397,11
NOR_C22,2398,11
NOR_C23,2399,11
NOR_C24,2400,11
NOR_C25,2401,11
NOR_C26,2402,11
NOR_C27,2403,11
NOR_C28,2404,11
NOR_C29,2405,11
NOR_C30,2406,11
NOR_C31T33,2407,11
NOR_D,2408,12
NOR_E,2409,12
NOR_F,2410,12
NOR_G,2411,12
NOR_H49,2412,12
NOR_H50,2413,12
NOR_H51,2414,12
NOR_H52,2415,12
NOR_H53,2416,12
NOR_I,2417,12
NOR_J58T60,2418,12
NOR_J61,2419,12
NOR_J62_63,2420,12
NOR_K,2421,12
NOR_L,2422,12
NOR_M,2423,12
NOR_N,2424,12
NOR_O,2425,12
NOR_P,2426,12
NOR_Q,2427,12
NOR_R,2428,12
NOR_S,2429,12
NOR_T,2430,12
NZL_A01_02,2431,10
NZL_A03,2432,10
NZL_B05_06,2433,11
NZL_B07_08,2434,11
NZL_B09,2435,11
NZL_C10T12,2436,11
NZL_C13T15,2437,11
NZL_C16,2438,11
NZL_C17_18,2439,11
NZL_C19,2440,11
NZL_C20,2441,11
NZL_C21,2442,11
NZL_C22,2443,11
NZL_C23,2444,11
NZL_C24,2445,11
NZL_C25,2446,11
NZL_C26,2447,11
NZL_C27,2448,11
NZL_C28,2449,11
NZL_C29,2450,11
NZL_C30,2451,11
NZL_C31T33,2452,11
NZL_D,2453,12
NZL_E,2454,12
NZL_F,2455,12
NZL_G,2456,12
NZL_H49,2457,12
NZL_H50,2458,12
NZL_H51,2459,12
NZL_H52,2460,12
NZL_H53,2461,12
NZL_I,2462,12
NZL_J58T60,2463,12
NZL_J61,2464,12
NZL_J62_63,2465,12
NZL_K,2466,12
NZL_L,2467,12
NZL_M,2468,12
NZL_N,2469,12
NZL_O,2470,12
NZL_P,2471,12
NZL_Q,2472,12
NZL_R,2473,12
NZL_S,2474,12
NZL_T,2475,12
PAK_A01_02,2476,10
PAK_A03,2477,10
PAK_B05_06,2478,11
PAK_B07_08,2479,11
PAK_B09,2480,11
PAK_C10T12,2481,11
PAK_C13T15,2482,11
PAK_C16,2483,11
PAK_C17_18,2484,11
PAK_C19,2485,11
PAK_C20,2486,11
PAK_C21,2487,11
PAK_C22,2488,11
PAK_C23,2489,11
PAK_C24,2490,11
PAK_C25,2491,11
PAK_C26,2492,11
PAK_C27,2493,11
PAK_C28,2494,11
PAK_C29,2495,11
PAK_C30,2496,11
PAK_C31T33,2497,11
PAK_D,2498,12
PAK_E,2499,12
PAK_F,2500,12
PAK_G,2501,12
PAK_H49,2502,12
PAK_H50,2503,12
PAK_H51,2504,12
PAK_H52,2505,12
PAK_H53,2506,12
PAK_I,2507,12
PAK_J58T60,2508,12
PAK_J61,2509,12
PAK_J62_63,2510,12
PAK_K,2511,12
PAK_L,2512,12
PAK_M,2513,12
PAK_N,2514,12
PAK_O,2515,12
PAK_P,2516,12
PAK_Q,2517,12
PAK_R,2518,12
PAK_S,2519,12
PAK_T,2520,12
PER_A01_02,2521,10
PER_A03,2522,10
PER_B05_06,2523,11
PER_B07_08,2524,11
PER_B09,2525,11
PER_C10T12,2526,11
PER_C13T15,2527,11
PER_C16,2528,11
PER_C17_18,2529,11
PER_C19,2530,11
PER_C20,2531,11
PER_C21,2532,11
PER_C22,2533,11
PER_C23,2534,11
PER_C24,2535,11
PER_C25,2536,11
PER_C26,2537,11
PER_C27,2538,11
PER_C28,2539,11
PER_C29,2540,11
PER_C30,2541,11
PER_C31T33,2542,11
PER_D,2543,12
PER_E,2544,12
PER_F,2545,12
PER_G,2546,12
PER_H49,2547,12
PER_H50,2548,12
PER_H51,2549,12
PER_H52,2550,12
PER_H53,2551,12
PER_I,2552,12
PER_J58T60,2553,12
PER_J61,2554,12
PER_J62_63,2555,12
PER_K,2556,12
PER_L,2557,12
PER_M,2558,12
PER_N,2559,12
PER_O,2560,12
PER_P,2561,12
PER_Q,2562,12
PER_R,2563,12
PER_S,2564,12
PER_T,2565,12
PHL_A01_02,2566,10
PHL_A03,2567,10
PHL_B05_06,2568,11
PHL_B07_08,2569,11
PHL_B09,2570,11
PHL_C10T12,2571,11
PHL_C13T15,2572,11
PHL_C16,2573,11
PHL_C17_18,2574,11
PHL_C19,2575,11
PHL_C20,2576,11
PHL_C21,2577,11
PHL_C22,2578,11
PHL_C23,2579,11
PHL_C24,2580,11
PHL_C25,2581,11
PHL_C26,2582,11
PHL_C27,2583,11
PHL_C28,2584,11
PHL_C29,2585,11
PHL_C30,2586,11
PHL_C31T33,2587,11
PHL_D,2588,12
PHL_E,2589,12
PHL_F,2590,12
PHL_G,2591,12
PHL_H49,2592,12
PHL_H50,2593,12
PHL_H51,2594,12
PHL_H52,2595,12
PHL_H53,2596,12
PHL_I,2597,12
PHL_J58T60,2598,12
PHL_J61,2599,12
PHL_J62_63,2600,12
PHL_K,2601,12
PHL_L,2602,12
PHL_M,2603,12
PHL_N,2604,12
PHL_O,2605,12
PHL_P,2606,12
PHL_Q,2607,12
PHL_R,2608,12
PHL_S,2609,12
PHL_T,2610,12
POL_A01_02,2611,10
POL_A03,2612,10
POL_B05_06,2613,11
POL_B07_08,2614,11
POL_B09,2615,11
POL_C10T12,2616,11
POL_C13T15,2617,11
POL_C16,2618,11
POL_C17_18,2619,11
POL_C19,2620,11
POL_C20,2621,11
POL_C21,2622,11
POL_C22,2623,11
POL_C23,2624,11
POL_C24,2625,11
POL_C25,2626,11
POL_C26,2627,11
POL_C27,2628,11
POL_C28,2629,11
POL_C29,2630,11
POL_C30,2631,11
POL_C31T33,2632,11
POL_D,2633,12
POL_E,2634,12
POL_F,2635,12
POL_G,2636,12
POL_H49,2637,12
POL_H50,2638,12
POL_H51,2639,12
POL_H52,2640,12
POL_H53,2641,12
POL_I,2642,12
POL_J58T60,2643,12
POL_J61,2644,12
POL_J62_63,2645,12
POL_K,2646,12
POL_L,2647,12
POL_M,2648,12
POL_N,2649,12
POL_O,2650,12
POL_P,2651,12
POL_Q,2652,12
POL_R,2653,12
POL_S,2654,12
POL_T,2655,12
PRT_A01_02,2656,10
PRT_A03,2657,10
PRT_B05_06,2658,11
PRT_B07_08,2659,11
PRT_B09,2660,11
PRT_C10T12,2661,11
PRT_C13T15,2662,11
PRT_C16,2663,11
PRT_C17_18,2664,11
PRT_C19,2665,11
PRT_C20,2666,11
PRT_C21,2667,11
PRT_C22,2668,11
PRT_C23,2669,11
PRT_C24,2670,11
PRT_C25,2671,11
PRT_C26,2672,11
PRT_C27,2673,11
PRT_C28,2674,11
PRT_C29,2675,11
PRT_C30,2676,11
PRT_C31T33,2677,11
PRT_D,2678,12
PRT_E,2679,12
PRT_F,2680,12
PRT_G,2681,12
PRT_H49,2682,12
PRT_H50,2683,12
PRT_H51,2684,12
PRT_H52,2685,12
PRT_H53,2686,12
PRT_I,2687,12
PRT_J58T60,2688,12
PRT_J61,2689,12
PRT_J62_63,2690,12
PRT_K,2691,12
PRT_L,2692,12
PRT_M,2693,12
PRT_N,2694,12
PRT_O,2695,12
PRT_P,2696,12
PRT_Q,2697,12
PRT_R,2698,12
PRT_S,2699,12
PRT_T,2700,12
ROU_A01_02,2701,10
ROU_A03,2702,10
ROU_B05_06,2703,11
ROU_B07_08,2704,11
ROU_B09,2705,11
ROU_C10T12,2706,11
ROU_C13T15,2707,11
ROU_C16,2708,11
ROU_C17_18,2709,11
ROU_C19,2710,11
ROU_C20,2711,11
ROU_C21,2712,11
ROU_C22,2713,11
ROU_C23,2714,11
ROU_C24,2715,11
ROU_C25,2716,11
ROU_C26,2717,11
ROU_C27,2718,11
ROU_C28,2719,11
ROU_C29,2720,11
ROU_C30,2721,11
ROU_C31T33,2722,11
ROU_D,2723,12
ROU_E,2724,12
ROU_F,2725,12
ROU_G,2726,12
ROU_H49,2727,12
ROU_H50,2728,12
ROU_H51,2729,12
ROU_H52,2730,12
ROU_H53,2731,12
ROU_I,2732,12
ROU_J58T60,2733,12
ROU_J61,2734,12
ROU_J62_63,2735,12
ROU_K,2736,12
ROU_L,2737,12
ROU_M,2738,12
ROU_N,2739,12
ROU_O,2740,12
ROU_P,2741,12
ROU_Q,2742,12
ROU_R,2743,12
ROU_S,2744,12
ROU_T,2745,12
RUS_A01_02,2746,10
RUS_A03,2747,10
RUS_B05_06,2748,11
RUS_B07_08,2749,11
RUS_B09,2750,11
RUS_C10T12,2751,11
RUS_C13T15,2752,11
RUS_C16,2753,11
RUS_C17_18,2754,11
RUS_C19,2755,11
RUS_C20,2756,11
RUS_C21,2757,11
RUS_C22,2758,11
RUS_C23,2759,11
RUS_C24,2760,11
RUS_C25,2761,11
RUS_C26,2762,11
RUS_C27,2763,11
RUS_C28,2764,11
RUS_C29,2765,11
RUS_C30,2766,11
RUS_C31T33,2767,11
RUS_D,2768,12
RUS_E,2769,12
RUS_F,2770,12
RUS_G,2771,12
RUS_H49,2772,12
RUS_H50,2773,12
RUS_H51,2774,12
RUS_H52,2775,12
RUS_H53,2776,12
RUS_I,2777,12
RUS_J58T60,2778,12
RUS_J61,2779,12
RUS_J62_63,2780,12
RUS_K,2781,12
RUS_L,2782,12
RUS_M,2783,12
RUS_N,2784,12
RUS_O,2785,12
RUS_P,2786,12
RUS_Q,2787,12
RUS_R,2788,12
RUS_S,2789,12
RUS_T,2790,12
SAU_A01_02,2791,10
SAU_A03,2792,10
SAU_B05_06,2793,11
SAU_B07_08,2794,11
SAU_B09,2795,11
SAU_C10T12,2796,11
SAU_C13T15,2797,11
SAU_C16,2798,11
SAU_C17_18,2799,11
SAU_C19,2800,11
SAU_C20,2801,11
SAU_C21,2802,11
SAU_C22,2803,11
SAU_C23,2804,11
SAU_C24,2805,11
SAU_C25,2806,11
SAU_C26,2807,11
SAU_C27,2808,11
SAU_C28,2809,11
SAU_C29,2810,11
SAU_C30,2811,11
SAU_C31T33,2812,11
SAU_D,2813,12
SAU_E,2814,12
SAU_F,2815,12
SAU_G,2816,12
SAU_H49,2817,12
SAU_H50,2818,12
SAU_H51,2819,12
SAU_H52,2820,12
SAU_H53,2821,12
SAU_I,2822,12
SAU_J58T60,2823,12
SAU_J61,2824,12
SAU_J62_63,2825,12
SAU_K,2826,12
SAU_L,2827,12
SAU_M,2828,12
SAU_N,2829,12
SAU_O,2830,12
SAU_P,2831,12
SAU_Q,2832,12
SAU_R,2833,12
SAU_S,2834,12
SAU_T,2835,12
SEN_A01_02,2836,10
SEN_A03,2837,10
SEN_B05_06,2838,11
SEN_B07_08,2839,11
SEN_B09,2840,11
SEN_C10T12,2841,11
SEN_C13T15,2842,11
SEN_C16,2843,11
SEN_C17_18,2844,11
SEN_C19,2845,11
SEN_C20,2846,11
SEN_C21,2847,11
SEN_C22,2848,11
SEN_C23,2849,11
SEN_C24,2850,11
SEN_C25,2851,11
SEN_C26,2852,11
SEN_C27,2853,11
SEN_C28,2854,11
SEN_C29,2855,11
SEN_C30,2856,11
SEN_C31T33,2857,11
SEN_D,2858,12
SEN_E,2859,12
SEN_F,2860,12
SEN_G,2861,12
SEN_H49,2862,12
SEN_H50,2863,12
SEN_H51,2864,12
SEN_H52,2865,12
SEN_H53,2866,12
SEN_I,2867,12
SEN_J58T60,2868,12
SEN_J61,2869,12
SEN_J62_63,2870,12
SEN_K,2871,12
SEN_L,2872,12
SEN_M,2873,12
SEN_N,2874,12
SEN_O,2875,12
SEN_P,2876,12
SEN_Q,2877,12
SEN_R,2878,12
SEN_S,2879,12
SEN_T,2880,12
SGP_A01_02,2881,10
SGP_A03,2882,10
SGP_B05_06,2883,11
SGP_B07_08,2884,11
SGP_B09,2885,11
SGP_C10T12,2886,11
SGP_C13T15,2887,11
SGP_C16,2888,11
SGP_C17_18,2889,11
SGP_C19,2890,11
SGP_C20,2891,11
SGP_C21,2892,11
SGP_C22,2893,11
SGP_C23,2894,11
SGP_C24,2895,11
SGP_C25,2896,11
SGP_C26,2897,11
SGP_C27,2898,11
SGP_C28,2899,11
SGP_C29,2900,11
SGP_C30,2901,11
SGP_C31T33,2902,11
SGP_D,2903,12
SGP_E,2904,12
SGP_F,2905,12
SGP_G,2906,12
SGP_H49,2907,12
SGP_H50,2908,12
SGP_H51,2909,12
SGP_H52,2910,12
SGP_H53,2911,12
SGP_I,2912,12
SGP_J58T60,2913,12
SGP_J61,2914,12
SGP_J62_63,2915,12
SGP_K,2916,12
SGP_L,2917,12
SGP_M,2918,12
SGP_N,2919,12
SGP_O,2920,12
SGP_P,2921,12
SGP_Q,2922,12
SGP_R,2923,12
SGP_S,2924,12
SGP_T,2925,12
SVK_A01_02,2926,10
SVK_A03,2927,10
SVK_B05_06,2928,11
SVK_B07_08,2929,11
SVK_B09,2930,11
SVK_C10T12,2931,11
SVK_C13T15,2932,11
SVK_C16,2933,11
SVK_C17_18,2934,11
SVK_C19,2935,11
SVK_C20,2936,11
SVK_C21,2937,11
SVK_C22,2938,11
SVK_C23,2939,11
SVK_C24,2940,11
SVK_C25,2941,11
SVK_C26,2942,11
SVK_C27,2943,11
SVK_C28,2944,11
SVK_C29,2945,11
SVK_C30,2946,11
SVK_C31T33,2947,11
SVK_D,2948,12
SVK_E,2949,12
SVK_F,2950,12
SVK_G,2951,12
SVK_H49,2952,12
SVK_H50,2953,12
SVK_H51,2954,12
SVK_H52,2955,12
SVK_H53,2956,12
SVK_I,2957,12
SVK_J58T60,2958,12
SVK_J61,2959,12
SVK_J62_63,2960,12
SVK_K,2961,12
SVK_L,2962,12
SVK_M,2963,12
SVK_N,2964,12
SVK_O,2965,12
SVK_P,2966,12
SVK_Q,2967,12
SVK_R,2968,12
SVK_S,2969,12
SVK_T,2970,12
SVN_A01_02,2971,10
SVN_A03,2972,10
SVN_B05_06,2973,11
SVN_B07_08,2974,11
SVN_B09,2975,11
SVN_C10T12,2976,11
SVN_C13T15,2977,11
SVN_C16,2978,11
SVN_C17_18,2979,11
SVN_C19,2980,11
SVN_C20,2981,11
SVN_C21,2982,11
SVN_C22,2983,11
SVN_C23,2984,11
SVN_C24,2985,11
SVN_C25,2986,11
SVN_C26,2987,11
SVN_C27,2988,11
SVN_C28,2989,11
SVN_C29,2990,11
SVN_C30,2991,11
SVN_C31T33,2992,11
SVN_D,2993,12
SVN_E,2994,12
SVN_F,2995,12
SVN_G,2996,12
SVN_H49,2997,12
SVN_H50,2998,12
SVN_H51,2999,12
SVN_H52,3000,12
SVN_H53,3001,12
SVN_I,3002,12
SVN_J58T60,3003,12
SVN_J61,3004,12
SVN_J62_63,3005,12
SVN_K,3006,12
SVN_L,3007,12
SVN_M,3008,12
SVN_N,3009,12
SVN_O,3010,12
SVN_P,3011,12
SVN_Q,3012,12
SVN_R,3013,12
SVN_S,3014,12
SVN_T,3015,12
SWE_A01_02,3016,10
SWE_A03,3017,10
SWE_B05_06,3018,11
SWE_B07_08,3019,11
SWE_B09,3020,11
SWE_C10T12,3021,11
SWE_C13T15,3022,11
SWE_C16,3023,11
SWE_C17_18,3024,11
SWE_C19,3025,11
SWE_C20,3026,11
SWE_C21,3027,11
SWE_C22,3028,11
SWE_C23,3029,11
SWE_C24,3030,11
SWE_C25,3031,11
SWE_C26,3032,11
SWE_C27,3033,11
SWE_C28,3034,11
SWE_C29,3035,11
SWE_C30,3036,11
SWE_C31T33,3037,11
SWE_D,3038,12
SWE_E,3039,12
SWE_F,3040,12
SWE_G,3041,12
SWE_H49,3042,12
SWE_H50,3043,12
SWE_H51,3044,12
SWE_H52,3045,12
SWE_H53,3046,12
SWE_I,3047,12
SWE_J58T60,3048,12
SWE_J61,3049,12
SWE_J62_63,3050,12
SWE_K,3051,12
SWE_L,3052,12
SWE_M,3053,12
SWE_N,3054,12
SWE_O,3055,12
SWE_P,3056,12
SWE_Q,3057,12
SWE_R,3058,12
SWE_S,3059,12
SWE_T,3060,12
THA_A01_02,3061,10
THA_A03,3062,10
THA_B05_06,3063,11
THA_B07_08,3064,11
THA_B09,3065,11
THA_C10T12,3066,11
THA_C13T15,3067,11
THA_C16,3068,11
THA_C17_18,3069,11
THA_C19,3070,11
THA_C20,3071,11
THA_C21,3072,11
THA_C22,3073,11
THA_C23,3074,11
THA_C24,3075,11
THA_C25,3076,11
THA_C26,3077,11
THA_C27,3078,11
THA_C28,3079,11
THA_C29,3080,11
THA_C30,3081,11
THA_C31T33,3082,11
THA_D,3083,12
THA_E,3084,12
THA_F,3085,12
THA_G,3086,12
THA_H49,3087,12
THA_H50,3088,12
THA_H51,3089,12
THA_H52,3090,12
THA_H53,3091,12
THA_I,3092,12
THA_J58T60,3093,12
THA_J61,3094,12
THA_J62_63,3095,12
THA_K,3096,12
THA_L,3097,12
THA_M,3098,12
THA_N,3099,12
THA_O,3100,12
THA_P,3101,12
THA_Q,3102,12
THA_R,3103,12
THA_S,3104,12
THA_T,3105,12
TUN_A01_02,3106,10
TUN_A03,3107,10
TUN_B05_06,3108,11
TUN_B07_08,3109,11
TUN_B09,3110,11
TUN_C10T12,3111,11
TUN_C13T15,3112,11
TUN_C16,3113,11
TUN_C17_18,3114,11
TUN_C19,3115,11
TUN_C20,3116,11
TUN_C21,3117,11
TUN_C22,3118,11
TUN_C23,3119,11
TUN_C24,3120,11
TUN_C25,3121,11
TUN_C26,3122,11
TUN_C27,3123,11
TUN_C28,3124,11
TUN_C29,3125,11
TUN_C30,3126,11
TUN_C31T33,3127,11
TUN_D,3128,12
TUN_E,3129,12
TUN_F,3130,12
TUN_G,3131,12
TUN_H49,3132,12
TUN_H50,3133,12
TUN_H51,3134,12
TUN_H52,3135,12
TUN_H53,3136,12
TUN_I,3137,12
TUN_J58T60,3138,12
TUN_J61,3139,12
TUN_J62_63,3140,12
TUN_K,3141,12
TUN_L,3142,12
TUN_M,3143,12
TUN_N,3144,12
TUN_O,3145,12
TUN_P,3146,12
TUN_Q,3147,12
TUN_R,3148,12
TUN_S,3149,12
TUN_T,3150,12
TUR_A01_02,3151,10
TUR_A03,3152,10
TUR_B05_06,3153,11
TUR_B07_08,3154,11
TUR_B09,3155,11
TUR_C10T12,3156,11
TUR_C13T15,3157,11
TUR_C16,3158,11
TUR_C17_18,3159,11
TUR_C19,3160,11
TUR_C20,3161,11
TUR_C21,3162,11
TUR_C22,3163,11
TUR_C23,3164,11
TUR_C24,3165,11
TUR_C25,3166,11
TUR_C26,3167,11
TUR_C27,3168,11
TUR_C28,3169,11
TUR_C29,3170,11
TUR_C30,3171,11
TUR_C31T33,3172,11
TUR_D,3173,12
TUR_E,3174,12
TUR_F,3175,12
TUR_G,3176,12
TUR_H49,3177,12
TUR_H50,3178,12
TUR_H51,3179,12
TUR_H52,3180,12
TUR_H53,3181,12
TUR_I,3182,12
TUR_J58T60,3183,12
TUR_J61,3184,12
TUR_J62_63,3185,12
TUR_K,3186,12
TUR_L,3187,12
TUR_M,3188,12
TUR_N,3189,12
TUR_O,3190,12
TUR_P,3191,12
TUR_Q,3192,12
TUR_R,3193,12
TUR_S,3194,12
TUR_T,3195,12
TWN_A01_02,3196,10
TWN_A03,3197,10
TWN_B05_06,3198,11
TWN_B07_08,3199,11
TWN_B09,3200,11
TWN_C10T12,3201,11
TWN_C13T15,3202,11
TWN_C16,3203,11
TWN_C17_18,3204,11
TWN_C19,3205,11
TWN_C20,3206,11
TWN_C21,3207,11
TWN_C22,3208,11
TWN_C23,3209,11
TWN_C24,3210,11
TWN_C25,3211,11
TWN_C26,3212,11
TWN_C27,3213,11
TWN_C28,3214,11
TWN_C29,3215,11
TWN_C30,3216,11
TWN_C31T33,3217,11
TWN_D,3218,12
TWN_E,3219,12
TWN_F,3220,12
TWN_G,3221,12
TWN_H49,3222,12
TWN_H50,3223,12
TWN_H51,3224,12
TWN_H52,3225,12
TWN_H53,3226,12
TWN_I,3227,12
TWN_J58T60,3228,12
TWN_J61,3229,12
TWN_J62_63,3230,12
TWN_K,3231,12
TWN_L,3232,12
TWN_M,3233,12
TWN_N,3234,12
TWN_O,3235,12
TWN_P,3236,12
TWN_Q,3237,12
TWN_R,3238,12
TWN_S,3239,12
TWN_T,3240,12
UKR_A01_02,3241,10
UKR_A03,3242,10
UKR_B05_06,3243,11
UKR_B07_08,3244,11
UKR_B09,3245,11
UKR_C10T12,3246,11
UKR_C13T15,3247,11
UKR_C16,3248,11
UKR_C17_18,3249,11
UKR_C19,3250,11
UKR_C20,3251,11
UKR_C21,3252,11
UKR_C22,3253,11
UKR_C23,3254,11
UKR_C24,3255,11
UKR_C25,3256,11
UKR_C26,3257,11
UKR_C27,3258,11
UKR_C28,3259,11
UKR_C29,3260,11
UKR_C30,3261,11
UKR_C31T33,3262,11
UKR_D,3263,12
UKR_E,3264,12
UKR_F,3265,12
UKR_G,3266,12
UKR_H49,3267,12
UKR_H50,3268,12
UKR_H51,3269,12
UKR_H52,3270,12
UKR_H53,3271,12
UKR_I,3272,12
UKR_J58T60,3273,12
UKR_J61,3274,12
UKR_J62_63,3275,12
UKR_K,3276,12
UKR_L,3277,12
UKR_M,3278,12
UKR_N,3279,12
UKR_O,3280,12
UKR_P,3281,12
UKR_Q,3282,12
UKR_R,3283,12
UKR_S,3284,12
UKR_T,3285,12
USA_A01_02,3286,7
USA_A03,3287,7
USA_B05_06,3288,8
USA_B07_08,3289,8
USA_B09,3290,8
USA_C10T12,3291,8
USA_C13T15,3292,8
USA_C16,3293,8
USA_C17_18,3294,8
USA_C19,3295,8
USA_C20,3296,8
USA_C21,3297,8
USA_C22,3298,8
USA_C23,3299,8
USA_C24,3300,8
USA_C25,3301,8
USA_C26,3302,8
USA_C27,3303,8
USA_C28,3304,8
USA_C29,3305,8
USA_C30,3306,8
USA_C31T33,3307,8
USA_D,3308,9
USA_E,3309,9
USA_F,3310,9
USA_G,3311,9
USA_H49,3312,9
USA_H50,3313,9
USA_H51,3314,9
USA_H52,3315,9
USA_H53,3316,9
USA_I,3317,9
USA_J58T60,3318,9
USA_J61,3319,9
USA_J62_63,3320,9
USA_K,3321,9
USA_L,3322,9
USA_M,3323,9
USA_N,3324,9
USA_O,3325,9
USA_P,3326,9
USA_Q,3327,9
USA_R,3328,9
USA_S,3329,9
USA_T,3330,9
VNM_A01_02,3331,10
VNM_A03,3332,10
VNM_B05_06,3333,11
VNM_B07_08,3334,11
VNM_B09,3335,11
VNM_C10T12,3336,11
VNM_C13T15,3337,11
VNM_C16,3338,11
VNM_C17_18,3339,11
VNM_C19,3340,11
VNM_C20,3341,11
VNM_C21,3342,11
VNM_C22,3343,11
VNM_C23,3344,11
VNM_C24,3345,11
VNM_C25,3346,11
VNM_C26,3347,11
VNM_C27,3348,11
VNM_C28,3349,11
VNM_C29,3350,11
VNM_C30,3351,11
VNM_C31T33,3352,11
VNM_D,3353,12
VNM_E,3354,12
VNM_F,3355,12
VNM_G,3356,12
VNM_H49,3357,12
VNM_H50,3358,12
VNM_H51,3359,12
VNM_H52,3360,12
VNM_H53,3361,12
VNM_I,3362,12
VNM_J58T60,3363,12
VNM_J61,3364,12
VNM_J62_63,3365,12
VNM_K,3366,12
VNM_L,3367,12
VNM_M,3368,12
VNM_N,3369,12
VNM_O,3370,12
VNM_P,3371,12
VNM_Q,3372,12
VNM_R,3373,12
VNM_S,3374,12
VNM_T,3375,12
ZAF_A01_02,3376,10
ZAF_A03,3377,10
ZAF_B05_06,3378,11
ZAF_B07_08,3379,11
ZAF_B09,3380,11
ZAF_C10T12,3381,11
ZAF_C13T15,3382,11
ZAF_C16,3383,11
ZAF_C17_18,3384,11
ZAF_C19,3385,11
ZAF_C20,3386,11
ZAF_C21,3387,11
ZAF_C22,3388,11
ZAF_C23,3389,11
ZAF_C24,3390,11
ZAF_C25,3391,11
ZAF_C26,3392,11
ZAF_C27,3393,11
ZAF_C28,3394,11
ZAF_C29,3395,11
ZAF_C30,3396,11
ZAF_C31T33,3397,11
ZAF_D,3398,12
ZAF_E,3399,12
ZAF_F,3400,12
ZAF_G,3401,12
ZAF_H49,3402,12
ZAF_H50,3403,12
ZAF_H51,3404,12
ZAF_H52,3405,12
ZAF_H53,3406,12
ZAF_I,3407,12
ZAF_J58T60,3408,12
ZAF_J61,3409,12
ZAF_J62_63,3410,12
ZAF_K,3411,12
ZAF_L,3412,12
ZAF_M,3413,12
ZAF_N,3414,12
ZAF_O,3415,12
ZAF_P,3416,12
ZAF_Q,3417,12
ZAF_R,3418,12
ZAF_S,3419,12
ZAF_T,3420,12
ROW_A01_02,3421,10
ROW_A03,3422,10
ROW_B05_06,3423,11
ROW_B07_08,3424,11
ROW_B09,3425,11
ROW_C10T12,3426,11
ROW_C13T15,3427,11
ROW_C16,3428,11
ROW_C17_18,3429,11
ROW_C19,3430,11
ROW_C20,3431,11
ROW_C21,3432,11
ROW_C22,3433,11
ROW_C23,3434,11
ROW_C24,3435,11
ROW_C25,3436,11
ROW_C26,3437,11
ROW_C27,3438,11
ROW_C28,3439,11
ROW_C29,3440,11
ROW_C30,3441,11
ROW_C31T33,3442,11
ROW_D,3443,12
ROW_E,3444,12
ROW_F,3445,12
ROW_G,3446,12
ROW_H49,3447,12
ROW_H50,3448,12
ROW_H51,3449,12
ROW_H52,3450,12
ROW_H53,3451,12
ROW_I,3452,12
ROW_J58T60,3453,12
ROW_J61,3454,12
ROW_J62_63,3455,12
ROW_K,3456,12
ROW_L,3457,12
ROW_M,3458,12
ROW_N,3459,12
ROW_O,3460,12
ROW_P,3461,12
ROW_Q,3462,12
ROW_R,3463,12
ROW_S,3464,12
ROW_T,3465,12
MX1_A01_02,3466,10
MX1_A03,3467,10
MX1_B05_06,3468,11
MX1_B07_08,3469,11
MX1_B09,3470,11
MX1_C10T12,3471,11
MX1_C13T15,3472,11
MX1_C16,3473,11
MX1_C17_18,3474,11
MX1_C19,3475,11
MX1_C20,3476,11
MX1_C21,3477,11
MX1_C22,3478,11
MX1_C23,3479,11
MX1_C24,3480,11
MX1_C25,3481,11
MX1_C26,3482,11
MX1_C27,3483,11
MX1_C28,3484,11
MX1_C29,3485,11
MX1_C30,3486,11
MX1_C31T33,3487,11
MX1_D,3488,12
MX1_E,3489,12
MX1_F,3490,12
MX1_G,3491,12
MX1_H49,3492,12
MX1_H50,3493,12
MX1_H51,3494,12
MX1_H52,3495,12
MX1_H53,3496,12
MX1_I,3497,12
MX1_J58T60,3498,12
MX1_J61,3499,12
MX1_J62_63,3500,12
MX1_K,3501,12
MX1_L,3502,12
MX1_M,3503,12
MX1_N,3504,12
MX1_O,3505,12
MX1_P,3506,12
MX1_Q,3507,12
MX1_R,3508,12
MX1_S,3509,12
MX1_T,3510,12
MX2_A01_02,3511,10
MX2_A03,3512,10
MX2_B05_06,3513,11
MX2_B07_08,3514,11
MX2_B09,3515,11
MX2_C10T12,3516,11
MX2_C13T15,3517,11
MX2_C16,3518,11
MX2_C17_18,3519,11
MX2_C19,3520,11
MX2_C20,3521,11
MX2_C21,3522,11
MX2_C22,3523,11
MX2_C23,3524,11
MX2_C24,3525,11
MX2_C25,3526,11
MX2_C26,3527,11
MX2_C27,3528,11
MX2_C28,3529,11
MX2_C29,3530,11
MX2_C30,3531,11
MX2_C31T33,3532,11
MX2_D,3533,12
MX2_E,3534,12
MX2_F,3535,12
MX2_G,3536,12
MX2_H49,3537,12
MX2_H50,3538,12
MX2_H51,3539,12
MX2_H52,3540,12
MX2_H53,3541,12
MX2_I,3542,12
MX2_J58T60,3543,12
MX2_J61,3544,12
MX2_J62_63,3545,12
MX2_K,3546,12
MX2_L,3547,12
MX2_M,3548,12
MX2_N,3549,12
MX2_O,3550,12
MX2_P,3551,12
MX2_Q,3552,12
MX2_R,3553,12
MX2_S,3554,12
MX2_T,3555,12
CN1_A01_02,3556,4
CN1_A03,3557,4
CN1_B05_06,3558,5
CN1_B07_08,3559,5
CN1_B09,3560,5
CN1_C10T12,3561,5
CN1_C13T15,3562,5
CN1_C16,3563,5
CN1_C17_18,3564,5
CN1_C19,3565,5
CN1_C20,3566,5
CN1_C21,3567,5
CN1_C22,3568,5
CN1_C23,3569,5
CN1_C24,3570,5
CN1_C25,3571,5
CN1_C26,3572,5
CN1_C27,3573,5
CN1_C28,3574,5
CN1_C29,3575,5
CN1_C30,3576,5
CN1_C31T33,3577,5
CN1_D,3578,6
CN1_E,3579,6
CN1_F,3580,6
CN1_G,3581,6
CN1_H49,3582,6
CN1_H50,3583,6
CN1_H51,3584,6
CN1_H52,3585,6
CN1_H53,3586,6
CN1_I,3587,6
CN1_J58T60,3588,6
CN1_J61,3589,6
CN1_J62_63,3590,6
CN1_K,3591,6
CN1_L,3592,6
CN1_M,3593,6
CN1_N,3594,6
CN1_O,3595,6
CN1_P,3596,6
CN1_Q,3597,6
CN1_R,3598,6
CN1_S,3599,6
CN1_T,3600,6
CN2_A01_02,3601,4
CN2_A03,3602,4
CN2_B05_06,3603,5
CN2_B07_08,3604,5
CN2_B09,3605,5
CN2_C10T12,3606,5
CN2_C13T15,3607,5
CN2_C16,3608,5
CN2_C17_18,3609,5
CN2_C19,3610,5
CN2_C20,3611,5
CN2_C21,3612,5
CN2_C22,3613,5
CN2_C23,3614,5
CN2_C24,3615,5
CN2_C25,3616,5
CN2_C26,3617,5
CN2_C27,3618,5
CN2_C28,3619,5
CN2_C29,3620,5
CN2_C30,3621,5
CN2_C31T33,3622,5
CN2_D,3623,6
CN2_E,3624,6
CN2_F,3625,6
CN2_G,3626,6
CN2_H49,3627,6
CN2_H50,3628,6
CN2_H51,3629,6
CN2_H52,3630,6
CN2_H53,3631,6
CN2_I,3632,6
CN2_J58T60,3633,6
CN2_J61,3634,6
CN2_J62_63,3635,6
CN2_K,3636,6
CN2_L,3637,6
CN2_M,3638,6
CN2_N,3639,6
CN2_O,3640,6
CN2_P,3641,6
CN2_Q,3642,6
CN2_R,3643,6
CN2_S,3644,6
CN2_T,3645,6
